run_accession	experiment_title	sample_accession	project_name	submission_accession	library_min_fragment_size	bam_md5	assembly_software	library_prep_longitude	library_selection	pcr_isolation_protocol	chip_protocol	sequencing_primer_provider	serotype	environment_feature	last_updated	submitted_galaxy	extraction_protocol	germline	secondary_project	culture_collection	submission_tool	sra_bytes	read_strand	rna_purity_280_ratio	hi_c_protocol	collected_by	submitted_ftp	restriction_enzyme_target_sequence	isolate	fastq_bytes	instrument_platform	variety	sra_file_role	sequencing_date_format	temperature	sra_aspera	ecotype	submitted_aspera	sampling_campaign	bam_ftp	tissue_lib	environmental_sample	control_experiment	sex	submitted_md5	checklist	fastq_galaxy	library_gen_protocol	specimen_voucher	library_prep_latitude	submitted_bytes	taxonomic_identity_marker	run_date	country	ncbi_reporting_standard	sample_description	sra_galaxy	sample_prep_interval	fastq_md5	secondary_study_accession	experimental_protocol	read_count	study_title	bio_material	fastq_file_role	rna_prep_5_protocol	host_body_site	local_environmental_context	assembly_quality	collection_date_end	sample_capture_status	sample_title	host_genotype	host_phenotype	environmental_medium	cultivar	instrument_model	faang_library_selection	target_gene	bam_bytes	library_max_fragment_size	experiment_target	sequencing_date	description	bam_file_role	nominal_sdev	chip_ab_provider	environment_material	host_tax_id	sample_material	sample_storage_processing	sra_md5	cell_type	fastq_ftp	disease	sample_prep_interval_units	broker_name	sub_strain	base_count	library_strategy	restriction_site	serovar	investigation_type	location	library_source	sra_ftp	age	library_layout	experimental_factor	sequencing_primer_catalog	environment_biome	rna_purity_230_ratio	dnase_protocol	dev_stage	library_prep_date_format	bam_aspera	binning_software	datahub	rna_integrity_num	library_prep_date	location_start	marine_region	aligned	file_location	sample_collection	chip_target	nominal_length	broad_scale_environmental_context	sequencing_location	status	completeness_score	lon	fastq_aspera	tax_lineage	host_sex	library_pcr_isolation_protocol	sample_alias	mating_type	collection_date_start	sub_species	contamination_score	run_alias	restriction_enzyme	depth	submitted_file_role	submitted_read_type	library_construction_protocol	host_growth_conditions	collection_date	experiment_alias	host_gravidity	center_name	identified_by	cell_line	sampling_site	host	library_name	tag	first_created	lat	strain	experiment_accession	scientific_name	host_status	tax_id	study_accession	submitted_format	submitted_host_sex	surveillance_target	bisulfite_protocol	altitude	rt_prep_protocol	host_scientific_name	bam_galaxy	accession	secondary_sample_accession	sample_storage	cage_protocol	sampling_platform	taxonomic_classification	location_end	protocol_label	elevation	salinity	sequencing_method	sequencing_primer_lot	first_public	transposase_protocol	study_alias	library_prep_location	rna_prep_3_protocol	ph	sequencing_longitude	tissue_type	isolation_source
DRR618733	Illumina MiSeq sequencing: Genome sequencing for Monkeypox virus: MX23-003-01-P0	SAMD00834602	Monkeypox virus	DRA019629					Hybrid Selection						2024-11-30							275377191				REBIND project in Japan				149215597;170049098	ILLUMINA		ARCHIVAL_FILE			fasp.sra.ebi.ac.uk:/vol1/drr/DRR618/DRR618733/DRR618733											ftp.sra.ebi.ac.uk/vol1/fastq/DRR618/DRR618733/DRR618733_1.fastq.gz;ftp.sra.ebi.ac.uk/vol1/fastq/DRR618/DRR618733/DRR618733_2.fastq.gz							Japan	Pathogen.cl	viral genome analysis of pathogens in clinical specimens from Mpox patients: MX23-003-01-P0	ftp.sra.ebi.ac.uk/vol1/drr/DRR618/DRR618733/DRR618733		3348f23a3f133b000c5052b3724a3cb3;3a5857a54e3be53f757f9ba7294f1b29	DRP012290		1472012	Genomic analysis of Monkeypox virus in Japan		GENERATED_FILE;GENERATED_FILE					2023-02-26		viral genome analysis of pathogens in clinical specimens from Mpox patients: MX23-003-01-P0					Illumina MiSeq							Illumina MiSeq sequencing: Genome sequencing for Monkeypox virus: MX23-003-01-P0					9606			f3acaabcdb1a700bf83cda6ad387668b		ftp.sra.ebi.ac.uk/vol1/fastq/DRR618/DRR618733/DRR618733_1.fastq.gz;ftp.sra.ebi.ac.uk/vol1/fastq/DRR618/DRR618733/DRR618733_2.fastq.gz					416096526	Targeted-Capture					METAGENOMIC	ftp.sra.ebi.ac.uk/vol1/drr/DRR618/DRR618733/DRR618733		PAIRED										dcc_compare;dcc_metagenome												public			fasp.sra.ebi.ac.uk:/vol1/fastq/DRR618/DRR618733/DRR618733_1.fastq.gz;fasp.sra.ebi.ac.uk:/vol1/fastq/DRR618/DRR618733/DRR618733_2.fastq.gz	1;10239;2732004;2732005;2732007;2732525;2732527;10240;10241;10242;3431483;10244			SAMD00834602		2023-01-30			DRR618733					Illumina Viral Surveillance Panel		2023-01-30/2023-02-26	DRX599086		REpository of Data and Biospecimen of INfectious Disease (REBIND)				Homo sapiens	MX23-003-01-P0	pathogen;pathogen:virus;pathogen:priority	2024-11-30		hMpxV/Japan/MX23-003-01-P0/2023	DRX599086	Monkeypox virus		10244	PRJDB16992							Homo sapiens		DRR618733	DRS427299											2024-11-30		DRP012290						Blisters
DRR618736	Illumina MiSeq sequencing: Genome sequencing for Monkeypox virus: MX23-006-02-P0	SAMD00834605	Monkeypox virus	DRA019629					Hybrid Selection						2024-11-30							762210311				REBIND project in Japan				429419822;474416297	ILLUMINA		ARCHIVAL_FILE			fasp.sra.ebi.ac.uk:/vol1/drr/DRR618/DRR618736/DRR618736											ftp.sra.ebi.ac.uk/vol1/fastq/DRR618/DRR618736/DRR618736_1.fastq.gz;ftp.sra.ebi.ac.uk/vol1/fastq/DRR618/DRR618736/DRR618736_2.fastq.gz							Japan	Pathogen.cl	viral genome analysis of pathogens in clinical specimens from Mpox patients: MX23-006-02-P0	ftp.sra.ebi.ac.uk/vol1/drr/DRR618/DRR618736/DRR618736		0ac394896d15d479589a2088c2bcfa5b;0f51db55027e7e29899437a9793a925f	DRP012290		4079159	Genomic analysis of Monkeypox virus in Japan		GENERATED_FILE;GENERATED_FILE					2023-03-12		viral genome analysis of pathogens in clinical specimens from Mpox patients: MX23-006-02-P0					Illumina MiSeq							Illumina MiSeq sequencing: Genome sequencing for Monkeypox virus: MX23-006-02-P0					9606			65ecb4c7a277f0bc0b21d0673bba49d8		ftp.sra.ebi.ac.uk/vol1/fastq/DRR618/DRR618736/DRR618736_1.fastq.gz;ftp.sra.ebi.ac.uk/vol1/fastq/DRR618/DRR618736/DRR618736_2.fastq.gz					1174434715	Targeted-Capture					METAGENOMIC	ftp.sra.ebi.ac.uk/vol1/drr/DRR618/DRR618736/DRR618736		PAIRED										dcc_compare;dcc_metagenome												public			fasp.sra.ebi.ac.uk:/vol1/fastq/DRR618/DRR618736/DRR618736_1.fastq.gz;fasp.sra.ebi.ac.uk:/vol1/fastq/DRR618/DRR618736/DRR618736_2.fastq.gz	1;10239;2732004;2732005;2732007;2732525;2732527;10240;10241;10242;3431483;10244			SAMD00834605		2023-02-27			DRR618736					Illumina Viral Surveillance Panel		2023-02-27/2023-03-12	DRX599089		REpository of Data and Biospecimen of INfectious Disease (REBIND)				Homo sapiens	MX23-006-02-P0	pathogen;pathogen:virus;pathogen:priority	2024-11-30		hMpxV/Japan/MX23-006-02-P0/2023	DRX599089	Monkeypox virus		10244	PRJDB16992							Homo sapiens		DRR618736	DRS427302											2024-11-30		DRP012290						Blisters
DRR618740	Illumina MiSeq sequencing: Genome sequencing for Monkeypox virus: MX23-014-2-P0	SAMD00834609	Monkeypox virus	DRA019629					Hybrid Selection						2024-11-30							416314820				REBIND project in Japan				221974440;268093519	ILLUMINA		ARCHIVAL_FILE			fasp.sra.ebi.ac.uk:/vol1/drr/DRR618/DRR618740/DRR618740											ftp.sra.ebi.ac.uk/vol1/fastq/DRR618/DRR618740/DRR618740_1.fastq.gz;ftp.sra.ebi.ac.uk/vol1/fastq/DRR618/DRR618740/DRR618740_2.fastq.gz							Japan	Pathogen.cl	viral genome analysis of pathogens in clinical specimens from Mpox patients: MX23-014-2-P0	ftp.sra.ebi.ac.uk/vol1/drr/DRR618/DRR618740/DRR618740		0f0fdf1c7ac07903a8e4ff0dccd0070a;555ebfce4a7b1b2c8810f0ad29096579	DRP012290		2025074	Genomic analysis of Monkeypox virus in Japan		GENERATED_FILE;GENERATED_FILE					2023-04-02		viral genome analysis of pathogens in clinical specimens from Mpox patients: MX23-014-2-P0					Illumina MiSeq							Illumina MiSeq sequencing: Genome sequencing for Monkeypox virus: MX23-014-2-P0					9606			0d0cbdc9f6ec6dc295a2e404f12286dc		ftp.sra.ebi.ac.uk/vol1/fastq/DRR618/DRR618740/DRR618740_1.fastq.gz;ftp.sra.ebi.ac.uk/vol1/fastq/DRR618/DRR618740/DRR618740_2.fastq.gz					584294772	Targeted-Capture					METAGENOMIC	ftp.sra.ebi.ac.uk/vol1/drr/DRR618/DRR618740/DRR618740		PAIRED										dcc_compare;dcc_metagenome												public			fasp.sra.ebi.ac.uk:/vol1/fastq/DRR618/DRR618740/DRR618740_1.fastq.gz;fasp.sra.ebi.ac.uk:/vol1/fastq/DRR618/DRR618740/DRR618740_2.fastq.gz	1;10239;2732004;2732005;2732007;2732525;2732527;10240;10241;10242;3431483;10244			SAMD00834609		2023-03-26			DRR618740					Illumina Viral Surveillance Panel		2023-03-27/2023-04-02	DRX599093		REpository of Data and Biospecimen of INfectious Disease (REBIND)				Homo sapiens	MX23-014-2-P0	pathogen;pathogen:virus;pathogen:priority	2024-11-30		hMpxV/Japan/MX23-014-2-P0/2023	DRX599093	Monkeypox virus		10244	PRJDB16992							Homo sapiens		DRR618740	DRS427306											2024-11-30		DRP012290						Blisters
DRR622784	Illumina MiSeq sequencing: Genome sequencing for Monkeypox virus: MX23-025-01-P0	SAMD00849940	Monkeypox virus	DRA019796					Hybrid Selection						2024-12-11							309842452				REBIND project in Japan				173006478;195580878	ILLUMINA		ARCHIVAL_FILE			fasp.sra.ebi.ac.uk:/vol1/drr/DRR622/DRR622784/DRR622784											ftp.sra.ebi.ac.uk/vol1/fastq/DRR622/DRR622784/DRR622784_1.fastq.gz;ftp.sra.ebi.ac.uk/vol1/fastq/DRR622/DRR622784/DRR622784_2.fastq.gz							Japan	Pathogen.cl	viral genome analysis of pathogens in clinical specimens from Mpox patients: MX23-025-01-P0	ftp.sra.ebi.ac.uk/vol1/drr/DRR622/DRR622784/DRR622784		c9510eb4a381852566c8bc4d0c0a1250;54a90524820af7f22f3f159ec76c4033	DRP012290		2872032	Genomic analysis of Monkeypox virus in Japan		GENERATED_FILE;GENERATED_FILE					2023-09-24		viral genome analysis of pathogens in clinical specimens from Mpox patients: MX23-025-01-P0					Illumina MiSeq							Illumina MiSeq sequencing: Genome sequencing for Monkeypox virus: MX23-025-01-P0					9606			7800714b4dfc46f2e9d106ba31ad45a7		ftp.sra.ebi.ac.uk/vol1/fastq/DRR622/DRR622784/DRR622784_1.fastq.gz;ftp.sra.ebi.ac.uk/vol1/fastq/DRR622/DRR622784/DRR622784_2.fastq.gz					422534339	Targeted-Capture					METAGENOMIC	ftp.sra.ebi.ac.uk/vol1/drr/DRR622/DRR622784/DRR622784		PAIRED										dcc_compare;dcc_metagenome												public			fasp.sra.ebi.ac.uk:/vol1/fastq/DRR622/DRR622784/DRR622784_1.fastq.gz;fasp.sra.ebi.ac.uk:/vol1/fastq/DRR622/DRR622784/DRR622784_2.fastq.gz	1;10239;2732004;2732005;2732007;2732525;2732527;10240;10241;10242;3431483;10244			SAMD00849940		2023-08-20			DRR622784					Illumina Viral Surveillance Panel		2023-08-21/2023-09-24	DRX603125		REpository of Data and Biospecimen of INfectious Disease (REBIND)				Homo sapiens	MX23-025-01-P0	pathogen;pathogen:virus;pathogen:priority	2024-12-11		hMpxV/Japan/MX23-025-01-P0/2023	DRX603125	Monkeypox virus		10244	PRJDB16992							Homo sapiens		DRR622784	DRS428229											2024-12-11		DRP012290						Blisters
DRR622787	Illumina MiSeq sequencing: Genome sequencing for Monkeypox virus: MX24-005-01-0	SAMD00849943	Monkeypox virus	DRA019796					Hybrid Selection						2024-12-11							385531532				REBIND project in Japan				211468023;226732006	ILLUMINA		ARCHIVAL_FILE			fasp.sra.ebi.ac.uk:/vol1/drr/DRR622/DRR622787/DRR622787											ftp.sra.ebi.ac.uk/vol1/fastq/DRR622/DRR622787/DRR622787_1.fastq.gz;ftp.sra.ebi.ac.uk/vol1/fastq/DRR622/DRR622787/DRR622787_2.fastq.gz							Japan	Pathogen.cl	viral genome analysis of pathogens in clinical specimens from Mpox patients: MX24-005-01-0	ftp.sra.ebi.ac.uk/vol1/drr/DRR622/DRR622787/DRR622787		a438b013cd35ab0a2bd895a9e1fb1ca4;d8ee4106ee7e6457efb9ed248e25c6fc	DRP012290		3807150	Genomic analysis of Monkeypox virus in Japan		GENERATED_FILE;GENERATED_FILE					2024-05-19		viral genome analysis of pathogens in clinical specimens from Mpox patients: MX24-005-01-0					Illumina MiSeq							Illumina MiSeq sequencing: Genome sequencing for Monkeypox virus: MX24-005-01-0					9606			9a29baf200a64b4bcf325912f861e65c		ftp.sra.ebi.ac.uk/vol1/fastq/DRR622/DRR622787/DRR622787_1.fastq.gz;ftp.sra.ebi.ac.uk/vol1/fastq/DRR622/DRR622787/DRR622787_2.fastq.gz					555808288	Targeted-Capture					METAGENOMIC	ftp.sra.ebi.ac.uk/vol1/drr/DRR622/DRR622787/DRR622787		PAIRED										dcc_compare;dcc_metagenome												public			fasp.sra.ebi.ac.uk:/vol1/fastq/DRR622/DRR622787/DRR622787_1.fastq.gz;fasp.sra.ebi.ac.uk:/vol1/fastq/DRR622/DRR622787/DRR622787_2.fastq.gz	1;10239;2732004;2732005;2732007;2732525;2732527;10240;10241;10242;3431483;10244			SAMD00849943		2024-01-29			DRR622787					Illumina Viral Surveillance Panel		2024-01-29/2024-05-19	DRX603128		REpository of Data and Biospecimen of INfectious Disease (REBIND)				Homo sapiens	MX24-005-01-0	pathogen;pathogen:virus;pathogen:priority	2024-12-11		hMpxV/Japan/MX24-005-01-P0/2024	DRX603128	Monkeypox virus		10244	PRJDB16992							Homo sapiens		DRR622787	DRS428232											2024-12-11		DRP012290						Blisters
DRR641170	NextSeq 2000 sequencing: Genome sequencing for Monkeypox virus: MX23-001-02	SAMD00886217	Monkeypox virus	DRA020242					Hybrid Selection						2025-06-01							825401799				REBIND project in Japan			hMpoxV/Japan/MX23-001-02/202X	484592690;502211434	ILLUMINA		ARCHIVAL_FILE			fasp.sra.ebi.ac.uk:/vol1/drr/DRR641/DRR641170/DRR641170											ftp.sra.ebi.ac.uk/vol1/fastq/DRR641/DRR641170/DRR641170_1.fastq.gz;ftp.sra.ebi.ac.uk/vol1/fastq/DRR641/DRR641170/DRR641170_2.fastq.gz							Japan	Pathogen.cl	viral genome analysis of pathogens isolated from Mpox patients: MX23-001-02	ftp.sra.ebi.ac.uk/vol1/drr/DRR641/DRR641170/DRR641170		3918786254689188c23dcfd5832deb06;9ceed32277cfcece49457fa17ff91c1e	DRP012290		7125633	Genomic analysis of Monkeypox virus in Japan		GENERATED_FILE;GENERATED_FILE					2023-01-29		viral genome analysis of pathogens isolated from Mpox patients: MX23-001-02					NextSeq 2000							NextSeq 2000 sequencing: Genome sequencing for Monkeypox virus: MX23-001-02					9606			ad361200c73dd2030342ec71ca7efb02		ftp.sra.ebi.ac.uk/vol1/fastq/DRR641/DRR641170/DRR641170_1.fastq.gz;ftp.sra.ebi.ac.uk/vol1/fastq/DRR641/DRR641170/DRR641170_2.fastq.gz					1996768861	Targeted-Capture					METAGENOMIC	ftp.sra.ebi.ac.uk/vol1/drr/DRR641/DRR641170/DRR641170		PAIRED										dcc_compare;dcc_metagenome												public			fasp.sra.ebi.ac.uk:/vol1/fastq/DRR641/DRR641170/DRR641170_1.fastq.gz;fasp.sra.ebi.ac.uk:/vol1/fastq/DRR641/DRR641170/DRR641170_2.fastq.gz	1;10239;2732004;2732005;2732007;2732525;2732527;10240;10241;10242;3431483;10244			SAMD00886217		2022-07-24			DRR641170					Illumina Viral Surveillance Panel		2022-07-25/2023-01-29	DRX621465		REpository of Data and Biospecimen of INfectious Disease (REBIND)				Homo sapiens	MX23-001-02	pathogen;pathogen:virus;pathogen:priority	2025-06-01			DRX621465	Monkeypox virus		10244	PRJDB16992							Homo sapiens		DRR641170	DRS471547											2025-06-01		DRP012290						saliva
DRR641174	NextSeq 2000 sequencing: Genome sequencing for Monkeypox virus: MX23-003-01	SAMD00886221	Monkeypox virus	DRA020242					Hybrid Selection						2025-06-01							3591075811				REBIND project in Japan			hMpoxV/Japan/MX23-003-01/2023	2118848080;2203747515	ILLUMINA		ARCHIVAL_FILE			fasp.sra.ebi.ac.uk:/vol1/drr/DRR641/DRR641174/DRR641174											ftp.sra.ebi.ac.uk/vol1/fastq/DRR641/DRR641174/DRR641174_1.fastq.gz;ftp.sra.ebi.ac.uk/vol1/fastq/DRR641/DRR641174/DRR641174_2.fastq.gz							Japan	Pathogen.cl	viral genome analysis of pathogens isolated from Mpox patients: MX23-003-01	ftp.sra.ebi.ac.uk/vol1/drr/DRR641/DRR641174/DRR641174		ffffd8a9183bd3d5c15e60d8898c9083;16b83df0b4f9ddf7725cd8bd038ff782	DRP012290		28680740	Genomic analysis of Monkeypox virus in Japan		GENERATED_FILE;GENERATED_FILE					2023-02-26		viral genome analysis of pathogens isolated from Mpox patients: MX23-003-01					NextSeq 2000							NextSeq 2000 sequencing: Genome sequencing for Monkeypox virus: MX23-003-01					9606			12f51dc40ecf43446cbab8c15c07958c		ftp.sra.ebi.ac.uk/vol1/fastq/DRR641/DRR641174/DRR641174_1.fastq.gz;ftp.sra.ebi.ac.uk/vol1/fastq/DRR641/DRR641174/DRR641174_2.fastq.gz					8383324683	Targeted-Capture					METAGENOMIC	ftp.sra.ebi.ac.uk/vol1/drr/DRR641/DRR641174/DRR641174		PAIRED										dcc_compare;dcc_metagenome												public			fasp.sra.ebi.ac.uk:/vol1/fastq/DRR641/DRR641174/DRR641174_1.fastq.gz;fasp.sra.ebi.ac.uk:/vol1/fastq/DRR641/DRR641174/DRR641174_2.fastq.gz	1;10239;2732004;2732005;2732007;2732525;2732527;10240;10241;10242;3431483;10244			SAMD00886221		2023-01-30			DRR641174					Illumina Viral Surveillance Panel		2023-01-30/2023-02-26	DRX621469		REpository of Data and Biospecimen of INfectious Disease (REBIND)				Homo sapiens	MX23-003-01	pathogen;pathogen:virus;pathogen:priority	2025-06-01			DRX621469	Monkeypox virus		10244	PRJDB16992							Homo sapiens		DRR641174	DRS471551											2025-06-01		DRP012290						Blisters
DRR641194	Illumina iSeq 100 sequencing: Genome sequencing for Monkeypox virus: MX23-028-01	SAMD00886241	Monkeypox virus	DRA020242					Hybrid Selection						2025-06-01							275278744				REBIND project in Japan			hMpoxV/Japan/MX23-028-01/2023	164847362;170322916	ILLUMINA		ARCHIVAL_FILE			fasp.sra.ebi.ac.uk:/vol1/drr/DRR641/DRR641194/DRR641194											ftp.sra.ebi.ac.uk/vol1/fastq/DRR641/DRR641194/DRR641194_1.fastq.gz;ftp.sra.ebi.ac.uk/vol1/fastq/DRR641/DRR641194/DRR641194_2.fastq.gz							Japan	Pathogen.cl	viral genome analysis of pathogens isolated from Mpox patients: MX23-028-01	ftp.sra.ebi.ac.uk/vol1/drr/DRR641/DRR641194/DRR641194		61f9be2f7598e237f733b2b88043acbd;17fb7824a3050dd87fd71a178e28d6ee	DRP012290		2547271	Genomic analysis of Monkeypox virus in Japan		GENERATED_FILE;GENERATED_FILE					2023-10-29		viral genome analysis of pathogens isolated from Mpox patients: MX23-028-01					Illumina iSeq 100							Illumina iSeq 100 sequencing: Genome sequencing for Monkeypox virus: MX23-028-01					9606			dcad2695333ca2334a2681d90600c107		ftp.sra.ebi.ac.uk/vol1/fastq/DRR641/DRR641194/DRR641194_1.fastq.gz;ftp.sra.ebi.ac.uk/vol1/fastq/DRR641/DRR641194/DRR641194_2.fastq.gz					769275842	Targeted-Capture					METAGENOMIC	ftp.sra.ebi.ac.uk/vol1/drr/DRR641/DRR641194/DRR641194		PAIRED										dcc_compare;dcc_metagenome												public			fasp.sra.ebi.ac.uk:/vol1/fastq/DRR641/DRR641194/DRR641194_1.fastq.gz;fasp.sra.ebi.ac.uk:/vol1/fastq/DRR641/DRR641194/DRR641194_2.fastq.gz	1;10239;2732004;2732005;2732007;2732525;2732527;10240;10241;10242;3431483;10244			SAMD00886241		2023-09-24			DRR641194					Illumina Viral Surveillance Panel		2023-09-25/2023-10-29	DRX621489		REpository of Data and Biospecimen of INfectious Disease (REBIND)				Homo sapiens	MX23-028-01	pathogen;pathogen:virus;pathogen:priority	2025-06-01			DRX621489	Monkeypox virus		10244	PRJDB16992							Homo sapiens		DRR641194	DRS471571											2025-06-01		DRP012290						Blisters
DRR641195	Illumina iSeq 100 sequencing: Genome sequencing for Monkeypox virus: MX24-002-01	SAMD00886242	Monkeypox virus	DRA020243					Hybrid Selection						2025-06-01							489933365				REBIND project in Japan			hMpoxV/Japan/MX24-002-01/202X	290037312;295664592	ILLUMINA		ARCHIVAL_FILE			fasp.sra.ebi.ac.uk:/vol1/drr/DRR641/DRR641195/DRR641195											ftp.sra.ebi.ac.uk/vol1/fastq/DRR641/DRR641195/DRR641195_1.fastq.gz;ftp.sra.ebi.ac.uk/vol1/fastq/DRR641/DRR641195/DRR641195_2.fastq.gz							Japan	Pathogen.cl	viral genome analysis of pathogens isolated from Mpox patients: MX24-002-01	ftp.sra.ebi.ac.uk/vol1/drr/DRR641/DRR641195/DRR641195		206545242c8596d458209147237fab5a;db1bcee90d75b816211804f5a9bff3fc	DRP012290		4512895	Genomic analysis of Monkeypox virus in Japan		GENERATED_FILE;GENERATED_FILE					2024-01-28		viral genome analysis of pathogens isolated from Mpox patients: MX24-002-01					Illumina iSeq 100							Illumina iSeq 100 sequencing: Genome sequencing for Monkeypox virus: MX24-002-01					9606			0fc1fb5623cb77e802a6fbbb5d87f5fd		ftp.sra.ebi.ac.uk/vol1/fastq/DRR641/DRR641195/DRR641195_1.fastq.gz;ftp.sra.ebi.ac.uk/vol1/fastq/DRR641/DRR641195/DRR641195_2.fastq.gz					1362894290	Targeted-Capture					METAGENOMIC	ftp.sra.ebi.ac.uk/vol1/drr/DRR641/DRR641195/DRR641195		PAIRED										dcc_compare;dcc_metagenome												public			fasp.sra.ebi.ac.uk:/vol1/fastq/DRR641/DRR641195/DRR641195_1.fastq.gz;fasp.sra.ebi.ac.uk:/vol1/fastq/DRR641/DRR641195/DRR641195_2.fastq.gz	1;10239;2732004;2732005;2732007;2732525;2732527;10240;10241;10242;3431483;10244			SAMD00886242		2023-12-04			DRR641195					Illumina Viral Surveillance Panel		2023-12-04/2024-01-28	DRX621490		REpository of Data and Biospecimen of INfectious Disease (REBIND)				Homo sapiens	MX24-002-01	pathogen;pathogen:virus;pathogen:priority	2025-06-01			DRX621490	Monkeypox virus		10244	PRJDB16992							Homo sapiens		DRR641195	DRS471739											2025-06-01		DRP012290						Blisters
DRR641196	Illumina iSeq 100 sequencing: Genome sequencing for Monkeypox virus: MX24-004-01	SAMD00886243	Monkeypox virus	DRA020243					Hybrid Selection						2025-06-01							214386469				REBIND project in Japan			hMpoxV/Japan/MX24-004-01/2024	126232638;128241119	ILLUMINA		ARCHIVAL_FILE			fasp.sra.ebi.ac.uk:/vol1/drr/DRR641/DRR641196/DRR641196											ftp.sra.ebi.ac.uk/vol1/fastq/DRR641/DRR641196/DRR641196_1.fastq.gz;ftp.sra.ebi.ac.uk/vol1/fastq/DRR641/DRR641196/DRR641196_2.fastq.gz							Japan	Pathogen.cl	viral genome analysis of pathogens isolated from Mpox patients: MX24-004-01	ftp.sra.ebi.ac.uk/vol1/drr/DRR641/DRR641196/DRR641196		cde67dce8b5666516cf74709f007ac0d;bf0fe0d0ec31ab414014322294dbcb4d	DRP012290		1929937	Genomic analysis of Monkeypox virus in Japan		GENERATED_FILE;GENERATED_FILE					2024-05-19		viral genome analysis of pathogens isolated from Mpox patients: MX24-004-01					Illumina iSeq 100							Illumina iSeq 100 sequencing: Genome sequencing for Monkeypox virus: MX24-004-01					9606			9675f4a286b9ff2c24964d45b49539fd		ftp.sra.ebi.ac.uk/vol1/fastq/DRR641/DRR641196/DRR641196_1.fastq.gz;ftp.sra.ebi.ac.uk/vol1/fastq/DRR641/DRR641196/DRR641196_2.fastq.gz					582840974	Targeted-Capture					METAGENOMIC	ftp.sra.ebi.ac.uk/vol1/drr/DRR641/DRR641196/DRR641196		PAIRED										dcc_compare;dcc_metagenome												public			fasp.sra.ebi.ac.uk:/vol1/fastq/DRR641/DRR641196/DRR641196_1.fastq.gz;fasp.sra.ebi.ac.uk:/vol1/fastq/DRR641/DRR641196/DRR641196_2.fastq.gz	1;10239;2732004;2732005;2732007;2732525;2732527;10240;10241;10242;3431483;10244			SAMD00886243		2024-01-29			DRR641196					Illumina Viral Surveillance Panel		2024-01-29/2024-05-19	DRX621491		REpository of Data and Biospecimen of INfectious Disease (REBIND)				Homo sapiens	MX24-004-01	pathogen;pathogen:virus;pathogen:priority	2025-06-01			DRX621491	Monkeypox virus		10244	PRJDB16992							Homo sapiens		DRR641196	DRS471740											2025-06-01		DRP012290						Blisters
DRR641197	Illumina iSeq 100 sequencing: Genome sequencing for Monkeypox virus: MX24-005-01	SAMD00886244	Monkeypox virus	DRA020243					Hybrid Selection						2025-06-01							324213862				REBIND project in Japan			hMpoxV/Japan/MX24-005-01/2024	190560538;198381620	ILLUMINA		ARCHIVAL_FILE			fasp.sra.ebi.ac.uk:/vol1/drr/DRR641/DRR641197/DRR641197											ftp.sra.ebi.ac.uk/vol1/fastq/DRR641/DRR641197/DRR641197_1.fastq.gz;ftp.sra.ebi.ac.uk/vol1/fastq/DRR641/DRR641197/DRR641197_2.fastq.gz							Japan	Pathogen.cl	viral genome analysis of pathogens isolated from Mpox patients: MX24-005-01	ftp.sra.ebi.ac.uk/vol1/drr/DRR641/DRR641197/DRR641197		3e692ffd10ad9acfa58f52d981c9a1b4;29d0c319d7a3c745adcebd076ec638ed	DRP012290		2911143	Genomic analysis of Monkeypox virus in Japan		GENERATED_FILE;GENERATED_FILE					2024-05-19		viral genome analysis of pathogens isolated from Mpox patients: MX24-005-01					Illumina iSeq 100							Illumina iSeq 100 sequencing: Genome sequencing for Monkeypox virus: MX24-005-01					9606			b24e0b83d2a452c23edd5b5268b01ce9		ftp.sra.ebi.ac.uk/vol1/fastq/DRR641/DRR641197/DRR641197_1.fastq.gz;ftp.sra.ebi.ac.uk/vol1/fastq/DRR641/DRR641197/DRR641197_2.fastq.gz					879165186	Targeted-Capture					METAGENOMIC	ftp.sra.ebi.ac.uk/vol1/drr/DRR641/DRR641197/DRR641197		PAIRED										dcc_compare;dcc_metagenome												public			fasp.sra.ebi.ac.uk:/vol1/fastq/DRR641/DRR641197/DRR641197_1.fastq.gz;fasp.sra.ebi.ac.uk:/vol1/fastq/DRR641/DRR641197/DRR641197_2.fastq.gz	1;10239;2732004;2732005;2732007;2732525;2732527;10240;10241;10242;3431483;10244			SAMD00886244		2024-01-29			DRR641197					Illumina Viral Surveillance Panel		2024-01-29/2024-05-19	DRX621492		REpository of Data and Biospecimen of INfectious Disease (REBIND)				Homo sapiens	MX24-005-01	pathogen;pathogen:virus;pathogen:priority	2025-06-01			DRX621492	Monkeypox virus		10244	PRJDB16992							Homo sapiens		DRR641197	DRS471741											2025-06-01		DRP012290						Blisters
DRR618732	Illumina MiSeq sequencing: Genome sequencing for Monkeypox virus: MX23-002-03-P0	SAMD00834601	Monkeypox virus	DRA019629					Hybrid Selection						2024-11-30							252481837				REBIND project in Japan				140953520;160490368	ILLUMINA		ARCHIVAL_FILE			fasp.sra.ebi.ac.uk:/vol1/drr/DRR618/DRR618732/DRR618732											ftp.sra.ebi.ac.uk/vol1/fastq/DRR618/DRR618732/DRR618732_1.fastq.gz;ftp.sra.ebi.ac.uk/vol1/fastq/DRR618/DRR618732/DRR618732_2.fastq.gz							Japan	Pathogen.cl	viral genome analysis of pathogens in clinical specimens from Mpox patients: MX23-002-03-P0	ftp.sra.ebi.ac.uk/vol1/drr/DRR618/DRR618732/DRR618732		bfc41d32942eed6ed21b231446b8482c;3753078b02f858650d0e23460aec1059	DRP012290		1325371	Genomic analysis of Monkeypox virus in Japan		GENERATED_FILE;GENERATED_FILE					2023-02-26		viral genome analysis of pathogens in clinical specimens from Mpox patients: MX23-002-03-P0					Illumina MiSeq							Illumina MiSeq sequencing: Genome sequencing for Monkeypox virus: MX23-002-03-P0					9606			66e59559cc2a2ace12aa7e29bde701ea		ftp.sra.ebi.ac.uk/vol1/fastq/DRR618/DRR618732/DRR618732_1.fastq.gz;ftp.sra.ebi.ac.uk/vol1/fastq/DRR618/DRR618732/DRR618732_2.fastq.gz					380750326	Targeted-Capture					METAGENOMIC	ftp.sra.ebi.ac.uk/vol1/drr/DRR618/DRR618732/DRR618732		PAIRED										dcc_compare;dcc_metagenome												public			fasp.sra.ebi.ac.uk:/vol1/fastq/DRR618/DRR618732/DRR618732_1.fastq.gz;fasp.sra.ebi.ac.uk:/vol1/fastq/DRR618/DRR618732/DRR618732_2.fastq.gz	1;10239;2732004;2732005;2732007;2732525;2732527;10240;10241;10242;3431483;10244			SAMD00834601		2023-01-30			DRR618732					Illumina Viral Surveillance Panel		2023-01-30/2023-02-26	DRX599085		REpository of Data and Biospecimen of INfectious Disease (REBIND)				Homo sapiens	MX23-002-03-P0	pathogen;pathogen:virus;pathogen:priority	2024-11-30		hMpxV/Japan/MX23-002-03-P0/2023	DRX599085	Monkeypox virus		10244	PRJDB16992							Homo sapiens		DRR618732	DRS427298											2024-11-30		DRP012290						Blisters
DRR618734	Illumina MiSeq sequencing: Genome sequencing for Monkeypox virus: MX23-004-03-P0	SAMD00834603	Monkeypox virus	DRA019629					Hybrid Selection						2024-11-30							450719745				REBIND project in Japan				257873187;278408567	ILLUMINA		ARCHIVAL_FILE			fasp.sra.ebi.ac.uk:/vol1/drr/DRR618/DRR618734/DRR618734											ftp.sra.ebi.ac.uk/vol1/fastq/DRR618/DRR618734/DRR618734_1.fastq.gz;ftp.sra.ebi.ac.uk/vol1/fastq/DRR618/DRR618734/DRR618734_2.fastq.gz							Japan	Pathogen.cl	viral genome analysis of pathogens in clinical specimens from Mpox patients: MX23-004-03-P0	ftp.sra.ebi.ac.uk/vol1/drr/DRR618/DRR618734/DRR618734		8623bce5a234d819239ce96b31c36bbf;f5546362e84b119ed1ab437968d43b7e	DRP012290		2395581	Genomic analysis of Monkeypox virus in Japan		GENERATED_FILE;GENERATED_FILE					2023-03-12		viral genome analysis of pathogens in clinical specimens from Mpox patients: MX23-004-03-P0					Illumina MiSeq							Illumina MiSeq sequencing: Genome sequencing for Monkeypox virus: MX23-004-03-P0					9606			9710e0d702b1df269101947022a91ee7		ftp.sra.ebi.ac.uk/vol1/fastq/DRR618/DRR618734/DRR618734_1.fastq.gz;ftp.sra.ebi.ac.uk/vol1/fastq/DRR618/DRR618734/DRR618734_2.fastq.gz					698523905	Targeted-Capture					METAGENOMIC	ftp.sra.ebi.ac.uk/vol1/drr/DRR618/DRR618734/DRR618734		PAIRED										dcc_compare;dcc_metagenome												public			fasp.sra.ebi.ac.uk:/vol1/fastq/DRR618/DRR618734/DRR618734_1.fastq.gz;fasp.sra.ebi.ac.uk:/vol1/fastq/DRR618/DRR618734/DRR618734_2.fastq.gz	1;10239;2732004;2732005;2732007;2732525;2732527;10240;10241;10242;3431483;10244			SAMD00834603		2023-02-27			DRR618734					Illumina Viral Surveillance Panel		2023-02-27/2023-03-12	DRX599087		REpository of Data and Biospecimen of INfectious Disease (REBIND)				Homo sapiens	MX23-004-03-P0	pathogen;pathogen:virus;pathogen:priority	2024-11-30		hMpxV/Japan/MX23-004-03-P0/2023	DRX599087	Monkeypox virus		10244	PRJDB16992							Homo sapiens		DRR618734	DRS427300											2024-11-30		DRP012290						Blisters
DRR618739	Illumina MiSeq sequencing: Genome sequencing for Monkeypox virus: MX23-013-1-P0	SAMD00834608	Monkeypox virus	DRA019629					Hybrid Selection						2024-11-30							494196126				REBIND project in Japan				264742973;319387438	ILLUMINA		ARCHIVAL_FILE			fasp.sra.ebi.ac.uk:/vol1/drr/DRR618/DRR618739/DRR618739											ftp.sra.ebi.ac.uk/vol1/fastq/DRR618/DRR618739/DRR618739_1.fastq.gz;ftp.sra.ebi.ac.uk/vol1/fastq/DRR618/DRR618739/DRR618739_2.fastq.gz							Japan	Pathogen.cl	viral genome analysis of pathogens in clinical specimens from Mpox patients: MX23-013-1-P0	ftp.sra.ebi.ac.uk/vol1/drr/DRR618/DRR618739/DRR618739		1e10c8cf1a21bca20107082b3c7d358a;c41481a432b498f2862e04a48b96f455	DRP012290		2389680	Genomic analysis of Monkeypox virus in Japan		GENERATED_FILE;GENERATED_FILE					2023-01-29		viral genome analysis of pathogens in clinical specimens from Mpox patients: MX23-013-1-P0					Illumina MiSeq							Illumina MiSeq sequencing: Genome sequencing for Monkeypox virus: MX23-013-1-P0					9606			186bca96324f48e9bfe4d6a04769c513		ftp.sra.ebi.ac.uk/vol1/fastq/DRR618/DRR618739/DRR618739_1.fastq.gz;ftp.sra.ebi.ac.uk/vol1/fastq/DRR618/DRR618739/DRR618739_2.fastq.gz					690951919	Targeted-Capture					METAGENOMIC	ftp.sra.ebi.ac.uk/vol1/drr/DRR618/DRR618739/DRR618739		PAIRED										dcc_compare;dcc_metagenome												public			fasp.sra.ebi.ac.uk:/vol1/fastq/DRR618/DRR618739/DRR618739_1.fastq.gz;fasp.sra.ebi.ac.uk:/vol1/fastq/DRR618/DRR618739/DRR618739_2.fastq.gz	1;10239;2732004;2732005;2732007;2732525;2732527;10240;10241;10242;3431483;10244			SAMD00834608		2022-07-24			DRR618739					Illumina Viral Surveillance Panel		2022-07-25/2023-01-29	DRX599092		REpository of Data and Biospecimen of INfectious Disease (REBIND)				Homo sapiens	MX23-013-1-P0	pathogen;pathogen:virus;pathogen:priority	2024-11-30		hMpxV/Japan/MX23-013-1-P0/202X	DRX599092	Monkeypox virus		10244	PRJDB16992							Homo sapiens		DRR618739	DRS427305											2024-11-30		DRP012290						Blisters
DRR618735	Illumina MiSeq sequencing: Genome sequencing for Monkeypox virus: MX23-005-02-P0	SAMD00834604	Monkeypox virus	DRA019629					Hybrid Selection						2024-11-30							328720435				REBIND project in Japan				184151095;207192632	ILLUMINA		ARCHIVAL_FILE			fasp.sra.ebi.ac.uk:/vol1/drr/DRR618/DRR618735/DRR618735											ftp.sra.ebi.ac.uk/vol1/fastq/DRR618/DRR618735/DRR618735_1.fastq.gz;ftp.sra.ebi.ac.uk/vol1/fastq/DRR618/DRR618735/DRR618735_2.fastq.gz							Japan	Pathogen.cl	viral genome analysis of pathogens in clinical specimens from Mpox patients: MX23-005-02-P0	ftp.sra.ebi.ac.uk/vol1/drr/DRR618/DRR618735/DRR618735		fb11c323b8c44004b6ceb3d6c458b25a;5608faa8e89ae0a44d2ce90fbf101beb	DRP012290		1673990	Genomic analysis of Monkeypox virus in Japan		GENERATED_FILE;GENERATED_FILE					2023-03-12		viral genome analysis of pathogens in clinical specimens from Mpox patients: MX23-005-02-P0					Illumina MiSeq							Illumina MiSeq sequencing: Genome sequencing for Monkeypox virus: MX23-005-02-P0					9606			4606652f350b4278177f04b3f2d11eb1		ftp.sra.ebi.ac.uk/vol1/fastq/DRR618/DRR618735/DRR618735_1.fastq.gz;ftp.sra.ebi.ac.uk/vol1/fastq/DRR618/DRR618735/DRR618735_2.fastq.gz					482660428	Targeted-Capture					METAGENOMIC	ftp.sra.ebi.ac.uk/vol1/drr/DRR618/DRR618735/DRR618735		PAIRED										dcc_compare;dcc_metagenome												public			fasp.sra.ebi.ac.uk:/vol1/fastq/DRR618/DRR618735/DRR618735_1.fastq.gz;fasp.sra.ebi.ac.uk:/vol1/fastq/DRR618/DRR618735/DRR618735_2.fastq.gz	1;10239;2732004;2732005;2732007;2732525;2732527;10240;10241;10242;3431483;10244			SAMD00834604		2023-02-27			DRR618735					Illumina Viral Surveillance Panel		2023-02-27/2023-03-12	DRX599088		REpository of Data and Biospecimen of INfectious Disease (REBIND)				Homo sapiens	MX23-005-02-P0	pathogen;pathogen:virus;pathogen:priority	2024-11-30		hMpxV/Japan/MX23-005-02-P0/2023	DRX599088	Monkeypox virus		10244	PRJDB16992							Homo sapiens		DRR618735	DRS427301											2024-11-30		DRP012290						Blisters
DRR618741	Illumina MiSeq sequencing: Genome sequencing for Monkeypox virus: MX23-015-1-P0	SAMD00834610	Monkeypox virus	DRA019629					Hybrid Selection						2024-11-30							490521761				REBIND project in Japan				289003633;299075881	ILLUMINA		ARCHIVAL_FILE			fasp.sra.ebi.ac.uk:/vol1/drr/DRR618/DRR618741/DRR618741											ftp.sra.ebi.ac.uk/vol1/fastq/DRR618/DRR618741/DRR618741_1.fastq.gz;ftp.sra.ebi.ac.uk/vol1/fastq/DRR618/DRR618741/DRR618741_2.fastq.gz							Japan	Pathogen.cl	viral genome analysis of pathogens in clinical specimens from Mpox patients: MX23-015-1-P0	ftp.sra.ebi.ac.uk/vol1/drr/DRR618/DRR618741/DRR618741		b063df24bd56c72fefa2f424a7f5f356;91fa69b2df27ecedc3289062d111bcb8	DRP012290		2589401	Genomic analysis of Monkeypox virus in Japan		GENERATED_FILE;GENERATED_FILE					2023-04-09		viral genome analysis of pathogens in clinical specimens from Mpox patients: MX23-015-1-P0					Illumina MiSeq							Illumina MiSeq sequencing: Genome sequencing for Monkeypox virus: MX23-015-1-P0					9606			c613dc71012717d8b459118dff6795c6		ftp.sra.ebi.ac.uk/vol1/fastq/DRR618/DRR618741/DRR618741_1.fastq.gz;ftp.sra.ebi.ac.uk/vol1/fastq/DRR618/DRR618741/DRR618741_2.fastq.gz					747083966	Targeted-Capture					METAGENOMIC	ftp.sra.ebi.ac.uk/vol1/drr/DRR618/DRR618741/DRR618741		PAIRED										dcc_compare;dcc_metagenome												public			fasp.sra.ebi.ac.uk:/vol1/fastq/DRR618/DRR618741/DRR618741_1.fastq.gz;fasp.sra.ebi.ac.uk:/vol1/fastq/DRR618/DRR618741/DRR618741_2.fastq.gz	1;10239;2732004;2732005;2732007;2732525;2732527;10240;10241;10242;3431483;10244			SAMD00834610		2023-04-02			DRR618741					Illumina Viral Surveillance Panel		2023-04-03/2023-04-09	DRX599094		REpository of Data and Biospecimen of INfectious Disease (REBIND)				Homo sapiens	MX23-015-1-P0	pathogen;pathogen:virus;pathogen:priority	2024-11-30		hMpxV/Japan/MX23-015-1-P0/2023	DRX599094	Monkeypox virus		10244	PRJDB16992							Homo sapiens		DRR618741	DRS427307											2024-11-30		DRP012290						Blisters
DRR618737	Illumina MiSeq sequencing: Genome sequencing for Monkeypox virus: MX23-008-1-P0	SAMD00834606	Monkeypox virus	DRA019629					Hybrid Selection						2024-11-30							342099237				REBIND project in Japan				197962929;211637131	ILLUMINA		ARCHIVAL_FILE			fasp.sra.ebi.ac.uk:/vol1/drr/DRR618/DRR618737/DRR618737											ftp.sra.ebi.ac.uk/vol1/fastq/DRR618/DRR618737/DRR618737_1.fastq.gz;ftp.sra.ebi.ac.uk/vol1/fastq/DRR618/DRR618737/DRR618737_2.fastq.gz							Japan	Pathogen.cl	viral genome analysis of pathogens in clinical specimens from Mpox patients: MX23-008-1-P0	ftp.sra.ebi.ac.uk/vol1/drr/DRR618/DRR618737/DRR618737		2ffe60a09fe3ea91b174214542c1b488;f8bd0098b91658397a3d1cdda6a4484c	DRP012290		1838385	Genomic analysis of Monkeypox virus in Japan		GENERATED_FILE;GENERATED_FILE					2023-03-19		viral genome analysis of pathogens in clinical specimens from Mpox patients: MX23-008-1-P0					Illumina MiSeq							Illumina MiSeq sequencing: Genome sequencing for Monkeypox virus: MX23-008-1-P0					9606			8bad31750397d8e5ded9f5f163cdbacb		ftp.sra.ebi.ac.uk/vol1/fastq/DRR618/DRR618737/DRR618737_1.fastq.gz;ftp.sra.ebi.ac.uk/vol1/fastq/DRR618/DRR618737/DRR618737_2.fastq.gz					529080094	Targeted-Capture					METAGENOMIC	ftp.sra.ebi.ac.uk/vol1/drr/DRR618/DRR618737/DRR618737		PAIRED										dcc_compare;dcc_metagenome												public			fasp.sra.ebi.ac.uk:/vol1/fastq/DRR618/DRR618737/DRR618737_1.fastq.gz;fasp.sra.ebi.ac.uk:/vol1/fastq/DRR618/DRR618737/DRR618737_2.fastq.gz	1;10239;2732004;2732005;2732007;2732525;2732527;10240;10241;10242;3431483;10244			SAMD00834606		2023-03-13			DRR618737					Illumina Viral Surveillance Panel		2023-03-13/2023-03-19	DRX599090		REpository of Data and Biospecimen of INfectious Disease (REBIND)				Homo sapiens	MX23-008-1-P0	pathogen;pathogen:virus;pathogen:priority	2024-11-30		hMpxV/Japan/MX23-008-1-P0/2023	DRX599090	Monkeypox virus		10244	PRJDB16992							Homo sapiens		DRR618737	DRS427303											2024-11-30		DRP012290						Blisters
DRR618743	Illumina MiSeq sequencing: Genome sequencing for Monkeypox virus: MX23-019-1-P0	SAMD00834612	Monkeypox virus	DRA019629					Hybrid Selection						2024-11-30							328947685				REBIND project in Japan				187398258;207110910	ILLUMINA		ARCHIVAL_FILE			fasp.sra.ebi.ac.uk:/vol1/drr/DRR618/DRR618743/DRR618743											ftp.sra.ebi.ac.uk/vol1/fastq/DRR618/DRR618743/DRR618743_1.fastq.gz;ftp.sra.ebi.ac.uk/vol1/fastq/DRR618/DRR618743/DRR618743_2.fastq.gz							Japan	Pathogen.cl	viral genome analysis of pathogens in clinical specimens from Mpox patients: MX23-019-1-P0	ftp.sra.ebi.ac.uk/vol1/drr/DRR618/DRR618743/DRR618743		fccd9e9aa587b66cfb4ed4a9a4ca4415;2e8fd65b172daf83cdf5944746ec1ccd	DRP012290		1638172	Genomic analysis of Monkeypox virus in Japan		GENERATED_FILE;GENERATED_FILE					2023-05-21		viral genome analysis of pathogens in clinical specimens from Mpox patients: MX23-019-1-P0					Illumina MiSeq							Illumina MiSeq sequencing: Genome sequencing for Monkeypox virus: MX23-019-1-P0					9606			84f9526bb0020a29a33cf5785eff746b		ftp.sra.ebi.ac.uk/vol1/fastq/DRR618/DRR618743/DRR618743_1.fastq.gz;ftp.sra.ebi.ac.uk/vol1/fastq/DRR618/DRR618743/DRR618743_2.fastq.gz					477687663	Targeted-Capture					METAGENOMIC	ftp.sra.ebi.ac.uk/vol1/drr/DRR618/DRR618743/DRR618743		PAIRED										dcc_compare;dcc_metagenome												public			fasp.sra.ebi.ac.uk:/vol1/fastq/DRR618/DRR618743/DRR618743_1.fastq.gz;fasp.sra.ebi.ac.uk:/vol1/fastq/DRR618/DRR618743/DRR618743_2.fastq.gz	1;10239;2732004;2732005;2732007;2732525;2732527;10240;10241;10242;3431483;10244			SAMD00834612		2023-05-14			DRR618743					Illumina Viral Surveillance Panel		2023-05-15/2023-05-21	DRX599096		REpository of Data and Biospecimen of INfectious Disease (REBIND)				Homo sapiens	MX23-019-1-P0	pathogen;pathogen:virus;pathogen:priority	2024-11-30		hMpxV/Japan/MX23-019-1-P0/2023	DRX599096	Monkeypox virus		10244	PRJDB16992							Homo sapiens		DRR618743	DRS427309											2024-11-30		DRP012290						Blisters
DRR618738	Illumina MiSeq sequencing: Genome sequencing for Monkeypox virus: MX23-010-1-P0	SAMD00834607	Monkeypox virus	DRA019629					Hybrid Selection						2024-11-30							317674225				REBIND project in Japan				181189069;197301700	ILLUMINA		ARCHIVAL_FILE			fasp.sra.ebi.ac.uk:/vol1/drr/DRR618/DRR618738/DRR618738											ftp.sra.ebi.ac.uk/vol1/fastq/DRR618/DRR618738/DRR618738_1.fastq.gz;ftp.sra.ebi.ac.uk/vol1/fastq/DRR618/DRR618738/DRR618738_2.fastq.gz							Japan	Pathogen.cl	viral genome analysis of pathogens in clinical specimens from Mpox patients: MX23-010-1-P0	ftp.sra.ebi.ac.uk/vol1/drr/DRR618/DRR618738/DRR618738		dc60622e1f73cbc3aba7dba14a371673;65de085918a0243a94f17b686c4166d6	DRP012290		1704179	Genomic analysis of Monkeypox virus in Japan		GENERATED_FILE;GENERATED_FILE					2023-01-29		viral genome analysis of pathogens in clinical specimens from Mpox patients: MX23-010-1-P0					Illumina MiSeq							Illumina MiSeq sequencing: Genome sequencing for Monkeypox virus: MX23-010-1-P0					9606			dd6205e7b66878123e9026ba6ae58d24		ftp.sra.ebi.ac.uk/vol1/fastq/DRR618/DRR618738/DRR618738_1.fastq.gz;ftp.sra.ebi.ac.uk/vol1/fastq/DRR618/DRR618738/DRR618738_2.fastq.gz					487773056	Targeted-Capture					METAGENOMIC	ftp.sra.ebi.ac.uk/vol1/drr/DRR618/DRR618738/DRR618738		PAIRED										dcc_compare;dcc_metagenome												public			fasp.sra.ebi.ac.uk:/vol1/fastq/DRR618/DRR618738/DRR618738_1.fastq.gz;fasp.sra.ebi.ac.uk:/vol1/fastq/DRR618/DRR618738/DRR618738_2.fastq.gz	1;10239;2732004;2732005;2732007;2732525;2732527;10240;10241;10242;3431483;10244			SAMD00834607		2022-07-24			DRR618738					Illumina Viral Surveillance Panel		2022-07-25/2023-01-29	DRX599091		REpository of Data and Biospecimen of INfectious Disease (REBIND)				Homo sapiens	MX23-010-1-P0	pathogen;pathogen:virus;pathogen:priority	2024-11-30		hMpxV/Japan/MX23-010-1-P0/202X	DRX599091	Monkeypox virus		10244	PRJDB16992							Homo sapiens		DRR618738	DRS427304											2024-11-30		DRP012290						Blisters
DRR618744	Illumina MiSeq sequencing: Genome sequencing for Monkeypox virus: MX23-020-1-P0	SAMD00834613	Monkeypox virus	DRA019629					Hybrid Selection						2024-11-30							269713351				REBIND project in Japan				146350203;169139302	ILLUMINA		ARCHIVAL_FILE			fasp.sra.ebi.ac.uk:/vol1/drr/DRR618/DRR618744/DRR618744											ftp.sra.ebi.ac.uk/vol1/fastq/DRR618/DRR618744/DRR618744_1.fastq.gz;ftp.sra.ebi.ac.uk/vol1/fastq/DRR618/DRR618744/DRR618744_2.fastq.gz							Japan	Pathogen.cl	viral genome analysis of pathogens in clinical specimens from Mpox patients: MX23-020-1-P0	ftp.sra.ebi.ac.uk/vol1/drr/DRR618/DRR618744/DRR618744		8c157b9fb4a896b777c8b1a8216c2ca1;e8b0dc9e9df69a22642975fccc1f73fa	DRP012290		1334461	Genomic analysis of Monkeypox virus in Japan		GENERATED_FILE;GENERATED_FILE					2023-05-21		viral genome analysis of pathogens in clinical specimens from Mpox patients: MX23-020-1-P0					Illumina MiSeq							Illumina MiSeq sequencing: Genome sequencing for Monkeypox virus: MX23-020-1-P0					9606			79d90c1b275797a8f0f778e846fae1f5		ftp.sra.ebi.ac.uk/vol1/fastq/DRR618/DRR618744/DRR618744_1.fastq.gz;ftp.sra.ebi.ac.uk/vol1/fastq/DRR618/DRR618744/DRR618744_2.fastq.gz					382544515	Targeted-Capture					METAGENOMIC	ftp.sra.ebi.ac.uk/vol1/drr/DRR618/DRR618744/DRR618744		PAIRED										dcc_compare;dcc_metagenome												public			fasp.sra.ebi.ac.uk:/vol1/fastq/DRR618/DRR618744/DRR618744_1.fastq.gz;fasp.sra.ebi.ac.uk:/vol1/fastq/DRR618/DRR618744/DRR618744_2.fastq.gz	1;10239;2732004;2732005;2732007;2732525;2732527;10240;10241;10242;3431483;10244			SAMD00834613		2023-05-14			DRR618744					Illumina Viral Surveillance Panel		2023-05-15/2023-05-21	DRX599097		REpository of Data and Biospecimen of INfectious Disease (REBIND)				Homo sapiens	MX23-020-1-P0	pathogen;pathogen:virus;pathogen:priority	2024-11-30		hMpxV/Japan/MX23-020-1-P0/2023	DRX599097	Monkeypox virus		10244	PRJDB16992							Homo sapiens		DRR618744	DRS427310											2024-11-30		DRP012290						Blisters
DRR618742	Illumina MiSeq sequencing: Genome sequencing for Monkeypox virus: MX23-016-1-P0	SAMD00834611	Monkeypox virus	DRA019629					Hybrid Selection						2024-11-30							371728156				REBIND project in Japan				207507628;235815442	ILLUMINA		ARCHIVAL_FILE			fasp.sra.ebi.ac.uk:/vol1/drr/DRR618/DRR618742/DRR618742											ftp.sra.ebi.ac.uk/vol1/fastq/DRR618/DRR618742/DRR618742_1.fastq.gz;ftp.sra.ebi.ac.uk/vol1/fastq/DRR618/DRR618742/DRR618742_2.fastq.gz							Japan	Pathogen.cl	viral genome analysis of pathogens in clinical specimens from Mpox patients: MX23-016-1-P0	ftp.sra.ebi.ac.uk/vol1/drr/DRR618/DRR618742/DRR618742		beab0a10090d3a96c36ee4534124c820;8cb1fe98f2728dc3fad7f90242f66ed8	DRP012290		1839261	Genomic analysis of Monkeypox virus in Japan		GENERATED_FILE;GENERATED_FILE					2023-04-09		viral genome analysis of pathogens in clinical specimens from Mpox patients: MX23-016-1-P0					Illumina MiSeq							Illumina MiSeq sequencing: Genome sequencing for Monkeypox virus: MX23-016-1-P0					9606			99326effb8449e53c6a8045908e71265		ftp.sra.ebi.ac.uk/vol1/fastq/DRR618/DRR618742/DRR618742_1.fastq.gz;ftp.sra.ebi.ac.uk/vol1/fastq/DRR618/DRR618742/DRR618742_2.fastq.gz					530569808	Targeted-Capture					METAGENOMIC	ftp.sra.ebi.ac.uk/vol1/drr/DRR618/DRR618742/DRR618742		PAIRED										dcc_compare;dcc_metagenome												public			fasp.sra.ebi.ac.uk:/vol1/fastq/DRR618/DRR618742/DRR618742_1.fastq.gz;fasp.sra.ebi.ac.uk:/vol1/fastq/DRR618/DRR618742/DRR618742_2.fastq.gz	1;10239;2732004;2732005;2732007;2732525;2732527;10240;10241;10242;3431483;10244			SAMD00834611		2023-04-02			DRR618742					Illumina Viral Surveillance Panel		2023-04-03/2023-04-09	DRX599095		REpository of Data and Biospecimen of INfectious Disease (REBIND)				Homo sapiens	MX23-016-1-P0	pathogen;pathogen:virus;pathogen:priority	2024-11-30		hMpxV/Japan/MX23-016-1-P0/2023	DRX599095	Monkeypox virus		10244	PRJDB16992							Homo sapiens		DRR618742	DRS427308											2024-11-30		DRP012290						Blisters
DRR618745	Illumina MiSeq sequencing: Genome sequencing for Monkeypox virus: MX23-021-1-P0	SAMD00834614	Monkeypox virus	DRA019629					Hybrid Selection						2024-11-30							562653597				REBIND project in Japan				308351693;351018550	ILLUMINA		ARCHIVAL_FILE			fasp.sra.ebi.ac.uk:/vol1/drr/DRR618/DRR618745/DRR618745											ftp.sra.ebi.ac.uk/vol1/fastq/DRR618/DRR618745/DRR618745_1.fastq.gz;ftp.sra.ebi.ac.uk/vol1/fastq/DRR618/DRR618745/DRR618745_2.fastq.gz							Japan	Pathogen.cl	viral genome analysis of pathogens in clinical specimens from Mpox patients: MX23-021-1-P0	ftp.sra.ebi.ac.uk/vol1/drr/DRR618/DRR618745/DRR618745		0e5880ea4d0e0f11cc13fb00217ddc1c;3a94f51e882ee592b9f23ef3ccaca845	DRP012290		2904422	Genomic analysis of Monkeypox virus in Japan		GENERATED_FILE;GENERATED_FILE					2023-05-21		viral genome analysis of pathogens in clinical specimens from Mpox patients: MX23-021-1-P0					Illumina MiSeq							Illumina MiSeq sequencing: Genome sequencing for Monkeypox virus: MX23-021-1-P0					9606			9bdfa3e4c36f9c31d5e12b4d4def3c26		ftp.sra.ebi.ac.uk/vol1/fastq/DRR618/DRR618745/DRR618745_1.fastq.gz;ftp.sra.ebi.ac.uk/vol1/fastq/DRR618/DRR618745/DRR618745_2.fastq.gz					787020528	Targeted-Capture					METAGENOMIC	ftp.sra.ebi.ac.uk/vol1/drr/DRR618/DRR618745/DRR618745		PAIRED										dcc_compare;dcc_metagenome												public			fasp.sra.ebi.ac.uk:/vol1/fastq/DRR618/DRR618745/DRR618745_1.fastq.gz;fasp.sra.ebi.ac.uk:/vol1/fastq/DRR618/DRR618745/DRR618745_2.fastq.gz	1;10239;2732004;2732005;2732007;2732525;2732527;10240;10241;10242;3431483;10244			SAMD00834614		2023-05-14			DRR618745					Illumina Viral Surveillance Panel		2023-05-15/2023-05-21	DRX599098		REpository of Data and Biospecimen of INfectious Disease (REBIND)				Homo sapiens	MX23-021-1-P0	pathogen;pathogen:virus;pathogen:priority	2024-11-30		hMpxV/Japan/MX23-021-1-P0/2023	DRX599098	Monkeypox virus		10244	PRJDB16992							Homo sapiens		DRR618745	DRS427311											2024-11-30		DRP012290						Blisters
DRR622782	Illumina MiSeq sequencing: Genome sequencing for Monkeypox virus: MX23-022-2-P0	SAMD00849938	Monkeypox virus	DRA019796					Hybrid Selection						2024-12-11							368357179				REBIND project in Japan				201197375;206420619	ILLUMINA		ARCHIVAL_FILE			fasp.sra.ebi.ac.uk:/vol1/drr/DRR622/DRR622782/DRR622782											ftp.sra.ebi.ac.uk/vol1/fastq/DRR622/DRR622782/DRR622782_1.fastq.gz;ftp.sra.ebi.ac.uk/vol1/fastq/DRR622/DRR622782/DRR622782_2.fastq.gz							Japan	Pathogen.cl	viral genome analysis of pathogens in clinical specimens from Mpox patients: MX23-022-2-P0	ftp.sra.ebi.ac.uk/vol1/drr/DRR622/DRR622782/DRR622782		65c663cfdadeefb687dcf5982996ae77;72bedc8a6131fab0dfdf13fee6dfe9db	DRP012290		3619345	Genomic analysis of Monkeypox virus in Japan		GENERATED_FILE;GENERATED_FILE					2023-08-20		viral genome analysis of pathogens in clinical specimens from Mpox patients: MX23-022-2-P0					Illumina MiSeq							Illumina MiSeq sequencing: Genome sequencing for Monkeypox virus: MX23-022-2-P0					9606			12e5927386b5bc13a70ca025fad81ffd		ftp.sra.ebi.ac.uk/vol1/fastq/DRR622/DRR622782/DRR622782_1.fastq.gz;ftp.sra.ebi.ac.uk/vol1/fastq/DRR622/DRR622782/DRR622782_2.fastq.gz					528253393	Targeted-Capture					METAGENOMIC	ftp.sra.ebi.ac.uk/vol1/drr/DRR622/DRR622782/DRR622782		PAIRED										dcc_compare;dcc_metagenome												public			fasp.sra.ebi.ac.uk:/vol1/fastq/DRR622/DRR622782/DRR622782_1.fastq.gz;fasp.sra.ebi.ac.uk:/vol1/fastq/DRR622/DRR622782/DRR622782_2.fastq.gz	1;10239;2732004;2732005;2732007;2732525;2732527;10240;10241;10242;3431483;10244			SAMD00849938		2023-06-18			DRR622782					Illumina Viral Surveillance Panel		2023-06-19/2023-08-20	DRX603123		REpository of Data and Biospecimen of INfectious Disease (REBIND)				Homo sapiens	MX23-022-2-P0	pathogen;pathogen:virus;pathogen:priority	2024-12-11		hMpxV/Japan/MX23-022-2-P0/2023	DRX603123	Monkeypox virus		10244	PRJDB16992							Homo sapiens		DRR622782	DRS428227											2024-12-11		DRP012290						Blisters
DRR622783	Illumina MiSeq sequencing: Genome sequencing for Monkeypox virus: MX23-023-1-P0	SAMD00849939	Monkeypox virus	DRA019796					Hybrid Selection						2024-12-11							383744298				REBIND project in Japan				221396741;234377228	ILLUMINA		ARCHIVAL_FILE			fasp.sra.ebi.ac.uk:/vol1/drr/DRR622/DRR622783/DRR622783											ftp.sra.ebi.ac.uk/vol1/fastq/DRR622/DRR622783/DRR622783_1.fastq.gz;ftp.sra.ebi.ac.uk/vol1/fastq/DRR622/DRR622783/DRR622783_2.fastq.gz							Japan	Pathogen.cl	viral genome analysis of pathogens in clinical specimens from Mpox patients: MX23-023-1-P0	ftp.sra.ebi.ac.uk/vol1/drr/DRR622/DRR622783/DRR622783		8704949d27433b17fb144ed94a3c8533;5eadbae304ded7efe7893ce4cc9be8c0	DRP012290		3797630	Genomic analysis of Monkeypox virus in Japan		GENERATED_FILE;GENERATED_FILE					2023-08-20		viral genome analysis of pathogens in clinical specimens from Mpox patients: MX23-023-1-P0					Illumina MiSeq							Illumina MiSeq sequencing: Genome sequencing for Monkeypox virus: MX23-023-1-P0					9606			c8bd3df4c8ff95578fcb763ccea33066		ftp.sra.ebi.ac.uk/vol1/fastq/DRR622/DRR622783/DRR622783_1.fastq.gz;ftp.sra.ebi.ac.uk/vol1/fastq/DRR622/DRR622783/DRR622783_2.fastq.gz					558321971	Targeted-Capture					METAGENOMIC	ftp.sra.ebi.ac.uk/vol1/drr/DRR622/DRR622783/DRR622783		PAIRED										dcc_compare;dcc_metagenome												public			fasp.sra.ebi.ac.uk:/vol1/fastq/DRR622/DRR622783/DRR622783_1.fastq.gz;fasp.sra.ebi.ac.uk:/vol1/fastq/DRR622/DRR622783/DRR622783_2.fastq.gz	1;10239;2732004;2732005;2732007;2732525;2732527;10240;10241;10242;3431483;10244			SAMD00849939		2023-06-18			DRR622783					Illumina Viral Surveillance Panel		2023-06-19/2023-08-20	DRX603124		REpository of Data and Biospecimen of INfectious Disease (REBIND)				Homo sapiens	MX23-023-1-P0	pathogen;pathogen:virus;pathogen:priority	2024-12-11		hMpxV/Japan/MX23-023-1-P0/2023	DRX603124	Monkeypox virus		10244	PRJDB16992							Homo sapiens		DRR622783	DRS428228											2024-12-11		DRP012290						Blisters
DRR641169	NextSeq 2000 sequencing: Genome sequencing for Monkeypox virus: MX23-001-01	SAMD00886216	Monkeypox virus	DRA020242					Hybrid Selection						2025-06-01							1323741870				REBIND project in Japan			hMpoxV/Japan/MX23-001-01/202X	770652943;800100595	ILLUMINA		ARCHIVAL_FILE			fasp.sra.ebi.ac.uk:/vol1/drr/DRR641/DRR641169/DRR641169											ftp.sra.ebi.ac.uk/vol1/fastq/DRR641/DRR641169/DRR641169_1.fastq.gz;ftp.sra.ebi.ac.uk/vol1/fastq/DRR641/DRR641169/DRR641169_2.fastq.gz							Japan	Pathogen.cl	viral genome analysis of pathogens isolated from Mpox patients: MX23-001-01	ftp.sra.ebi.ac.uk/vol1/drr/DRR641/DRR641169/DRR641169		59496e50457220410fc53785fbf5baed;fdcec6093d12f12f219ced940f80f070	DRP012290		11936019	Genomic analysis of Monkeypox virus in Japan		GENERATED_FILE;GENERATED_FILE					2023-01-29		viral genome analysis of pathogens isolated from Mpox patients: MX23-001-01					NextSeq 2000							NextSeq 2000 sequencing: Genome sequencing for Monkeypox virus: MX23-001-01					9606			e1d7b901aba5ca2d0cdaf210cadecbfc		ftp.sra.ebi.ac.uk/vol1/fastq/DRR641/DRR641169/DRR641169_1.fastq.gz;ftp.sra.ebi.ac.uk/vol1/fastq/DRR641/DRR641169/DRR641169_2.fastq.gz					3163197036	Targeted-Capture					METAGENOMIC	ftp.sra.ebi.ac.uk/vol1/drr/DRR641/DRR641169/DRR641169		PAIRED										dcc_compare;dcc_metagenome												public			fasp.sra.ebi.ac.uk:/vol1/fastq/DRR641/DRR641169/DRR641169_1.fastq.gz;fasp.sra.ebi.ac.uk:/vol1/fastq/DRR641/DRR641169/DRR641169_2.fastq.gz	1;10239;2732004;2732005;2732007;2732525;2732527;10240;10241;10242;3431483;10244			SAMD00886216		2022-07-24			DRR641169					Illumina Viral Surveillance Panel		2022-07-25/2023-01-29	DRX621464		REpository of Data and Biospecimen of INfectious Disease (REBIND)				Homo sapiens	MX23-001-01	pathogen;pathogen:virus;pathogen:priority	2025-06-01			DRX621464	Monkeypox virus		10244	PRJDB16992							Homo sapiens		DRR641169	DRS471546											2025-06-01		DRP012290						Blisters
DRR622785	Illumina MiSeq sequencing: Genome sequencing for Monkeypox virus: MX23-028-01-P0	SAMD00849941	Monkeypox virus	DRA019796					Hybrid Selection						2024-12-11							269464013				REBIND project in Japan				153147406;169533251	ILLUMINA		ARCHIVAL_FILE			fasp.sra.ebi.ac.uk:/vol1/drr/DRR622/DRR622785/DRR622785											ftp.sra.ebi.ac.uk/vol1/fastq/DRR622/DRR622785/DRR622785_1.fastq.gz;ftp.sra.ebi.ac.uk/vol1/fastq/DRR622/DRR622785/DRR622785_2.fastq.gz							Japan	Pathogen.cl	viral genome analysis of pathogens in clinical specimens from Mpox patients: MX23-028-01-P0	ftp.sra.ebi.ac.uk/vol1/drr/DRR622/DRR622785/DRR622785		a66d2eada15d973f0d64daac18b71438;5f87a5dbe5dfb8d916fb96a45b288da2	DRP012290		2434101	Genomic analysis of Monkeypox virus in Japan		GENERATED_FILE;GENERATED_FILE					2023-10-29		viral genome analysis of pathogens in clinical specimens from Mpox patients: MX23-028-01-P0					Illumina MiSeq							Illumina MiSeq sequencing: Genome sequencing for Monkeypox virus: MX23-028-01-P0					9606			e0bde52059bcef8af5a2125bcefe83fe		ftp.sra.ebi.ac.uk/vol1/fastq/DRR622/DRR622785/DRR622785_1.fastq.gz;ftp.sra.ebi.ac.uk/vol1/fastq/DRR622/DRR622785/DRR622785_2.fastq.gz					357513594	Targeted-Capture					METAGENOMIC	ftp.sra.ebi.ac.uk/vol1/drr/DRR622/DRR622785/DRR622785		PAIRED										dcc_compare;dcc_metagenome												public			fasp.sra.ebi.ac.uk:/vol1/fastq/DRR622/DRR622785/DRR622785_1.fastq.gz;fasp.sra.ebi.ac.uk:/vol1/fastq/DRR622/DRR622785/DRR622785_2.fastq.gz	1;10239;2732004;2732005;2732007;2732525;2732527;10240;10241;10242;3431483;10244			SAMD00849941		2023-09-24			DRR622785					Illumina Viral Surveillance Panel		2023-09-25/2023-10-29	DRX603126		REpository of Data and Biospecimen of INfectious Disease (REBIND)				Homo sapiens	MX23-028-01-P0	pathogen;pathogen:virus;pathogen:priority	2024-12-11		hMpxV/Japan/MX23-028-01-P0/2023	DRX603126	Monkeypox virus		10244	PRJDB16992							Homo sapiens		DRR622785	DRS428230											2024-12-11		DRP012290						Blisters
DRR641173	NextSeq 2000 sequencing: Genome sequencing for Monkeypox virus: MX23-002-03	SAMD00886220	Monkeypox virus	DRA020242					Hybrid Selection						2025-06-01							2925135586				REBIND project in Japan			hMpoxV/Japan/MX23-002-03/2023	1753061319;1802648818	ILLUMINA		ARCHIVAL_FILE			fasp.sra.ebi.ac.uk:/vol1/drr/DRR641/DRR641173/DRR641173											ftp.sra.ebi.ac.uk/vol1/fastq/DRR641/DRR641173/DRR641173_1.fastq.gz;ftp.sra.ebi.ac.uk/vol1/fastq/DRR641/DRR641173/DRR641173_2.fastq.gz							Japan	Pathogen.cl	viral genome analysis of pathogens isolated from Mpox patients: MX23-002-03	ftp.sra.ebi.ac.uk/vol1/drr/DRR641/DRR641173/DRR641173		5d09edaf515949765528051f0c6fd965;97ec1197e3da44ac23655b3dafd6aeb2	DRP012290		23434739	Genomic analysis of Monkeypox virus in Japan		GENERATED_FILE;GENERATED_FILE					2023-02-26		viral genome analysis of pathogens isolated from Mpox patients: MX23-002-03					NextSeq 2000							NextSeq 2000 sequencing: Genome sequencing for Monkeypox virus: MX23-002-03					9606			4137f643165af0cd358093d9021e9b20		ftp.sra.ebi.ac.uk/vol1/fastq/DRR641/DRR641173/DRR641173_1.fastq.gz;ftp.sra.ebi.ac.uk/vol1/fastq/DRR641/DRR641173/DRR641173_2.fastq.gz					6862259878	Targeted-Capture					METAGENOMIC	ftp.sra.ebi.ac.uk/vol1/drr/DRR641/DRR641173/DRR641173		PAIRED										dcc_compare;dcc_metagenome												public			fasp.sra.ebi.ac.uk:/vol1/fastq/DRR641/DRR641173/DRR641173_1.fastq.gz;fasp.sra.ebi.ac.uk:/vol1/fastq/DRR641/DRR641173/DRR641173_2.fastq.gz	1;10239;2732004;2732005;2732007;2732525;2732527;10240;10241;10242;3431483;10244			SAMD00886220		2023-01-30			DRR641173					Illumina Viral Surveillance Panel		2023-01-30/2023-02-26	DRX621468		REpository of Data and Biospecimen of INfectious Disease (REBIND)				Homo sapiens	MX23-002-03	pathogen;pathogen:virus;pathogen:priority	2025-06-01			DRX621468	Monkeypox virus		10244	PRJDB16992							Homo sapiens		DRR641173	DRS471550											2025-06-01		DRP012290						Blisters
DRR622786	Illumina MiSeq sequencing: Genome sequencing for Monkeypox virus: MX24-004-01-P0	SAMD00849942	Monkeypox virus	DRA019796					Hybrid Selection						2024-12-11							331982284				REBIND project in Japan				196111106;198736648	ILLUMINA		ARCHIVAL_FILE			fasp.sra.ebi.ac.uk:/vol1/drr/DRR622/DRR622786/DRR622786											ftp.sra.ebi.ac.uk/vol1/fastq/DRR622/DRR622786/DRR622786_1.fastq.gz;ftp.sra.ebi.ac.uk/vol1/fastq/DRR622/DRR622786/DRR622786_2.fastq.gz							Japan	Pathogen.cl	viral genome analysis of pathogens in clinical specimens from Mpox patients: MX24-004-01-P0	ftp.sra.ebi.ac.uk/vol1/drr/DRR622/DRR622786/DRR622786		2257872e0c2de3fef379005ad4f4612a;a7dee0508ea27f4548d8119ff58a85d8	DRP012290		3258175	Genomic analysis of Monkeypox virus in Japan		GENERATED_FILE;GENERATED_FILE					2024-05-19		viral genome analysis of pathogens in clinical specimens from Mpox patients: MX24-004-01-P0					Illumina MiSeq							Illumina MiSeq sequencing: Genome sequencing for Monkeypox virus: MX24-004-01-P0					9606			9a0350e0399bfa77a2e0717a180c242e		ftp.sra.ebi.ac.uk/vol1/fastq/DRR622/DRR622786/DRR622786_1.fastq.gz;ftp.sra.ebi.ac.uk/vol1/fastq/DRR622/DRR622786/DRR622786_2.fastq.gz					478890275	Targeted-Capture					METAGENOMIC	ftp.sra.ebi.ac.uk/vol1/drr/DRR622/DRR622786/DRR622786		PAIRED										dcc_compare;dcc_metagenome												public			fasp.sra.ebi.ac.uk:/vol1/fastq/DRR622/DRR622786/DRR622786_1.fastq.gz;fasp.sra.ebi.ac.uk:/vol1/fastq/DRR622/DRR622786/DRR622786_2.fastq.gz	1;10239;2732004;2732005;2732007;2732525;2732527;10240;10241;10242;3431483;10244			SAMD00849942		2024-01-29			DRR622786					Illumina Viral Surveillance Panel		2024-01-29/2024-05-19	DRX603127		REpository of Data and Biospecimen of INfectious Disease (REBIND)				Homo sapiens	MX24-004-01-P0	pathogen;pathogen:virus;pathogen:priority	2024-12-11		hMpxV/Japan/MX24-004-01-P0/2024	DRX603127	Monkeypox virus		10244	PRJDB16992							Homo sapiens		DRR622786	DRS428231											2024-12-11		DRP012290						Blisters
DRR641171	NextSeq 2000 sequencing: Genome sequencing for Monkeypox virus: MX23-002-01	SAMD00886218	Monkeypox virus	DRA020242					Hybrid Selection						2025-06-01							7627386239				REBIND project in Japan			hMpoxV/Japan/MX23-002-01/202X	4469212184;4667270403	ILLUMINA		ARCHIVAL_FILE			fasp.sra.ebi.ac.uk:/vol1/drr/DRR641/DRR641171/DRR641171											ftp.sra.ebi.ac.uk/vol1/fastq/DRR641/DRR641171/DRR641171_1.fastq.gz;ftp.sra.ebi.ac.uk/vol1/fastq/DRR641/DRR641171/DRR641171_2.fastq.gz							Japan	Pathogen.cl	viral genome analysis of pathogens isolated from Mpox patients: MX23-002-01	ftp.sra.ebi.ac.uk/vol1/drr/DRR641/DRR641171/DRR641171		a7b784f7b71253fea3c64bd55e327f2b;0862e97b8510249b3da627845f234663	DRP012290		64346675	Genomic analysis of Monkeypox virus in Japan		GENERATED_FILE;GENERATED_FILE					2023-01-29		viral genome analysis of pathogens isolated from Mpox patients: MX23-002-01					NextSeq 2000							NextSeq 2000 sequencing: Genome sequencing for Monkeypox virus: MX23-002-01					9606			e984ec22a0134fd7566e2c28ec3479f5		ftp.sra.ebi.ac.uk/vol1/fastq/DRR641/DRR641171/DRR641171_1.fastq.gz;ftp.sra.ebi.ac.uk/vol1/fastq/DRR641/DRR641171/DRR641171_2.fastq.gz					18452776349	Targeted-Capture					METAGENOMIC	ftp.sra.ebi.ac.uk/vol1/drr/DRR641/DRR641171/DRR641171		PAIRED										dcc_compare;dcc_metagenome												public			fasp.sra.ebi.ac.uk:/vol1/fastq/DRR641/DRR641171/DRR641171_1.fastq.gz;fasp.sra.ebi.ac.uk:/vol1/fastq/DRR641/DRR641171/DRR641171_2.fastq.gz	1;10239;2732004;2732005;2732007;2732525;2732527;10240;10241;10242;3431483;10244			SAMD00886218		2022-07-24			DRR641171					Illumina Viral Surveillance Panel		2022-07-25/2023-01-29	DRX621466		REpository of Data and Biospecimen of INfectious Disease (REBIND)				Homo sapiens	MX23-002-01	pathogen;pathogen:virus;pathogen:priority	2025-06-01			DRX621466	Monkeypox virus		10244	PRJDB16992							Homo sapiens		DRR641171	DRS471548											2025-06-01		DRP012290						Blisters
DRR641176	NextSeq 2000 sequencing: Genome sequencing for Monkeypox virus: MX23-005-02	SAMD00886223	Monkeypox virus	DRA020242					Hybrid Selection						2025-06-01							2692428975				REBIND project in Japan			hMpoxV/Japan/MX23-005-02/2023	1621733098;1629348086	ILLUMINA		ARCHIVAL_FILE			fasp.sra.ebi.ac.uk:/vol1/drr/DRR641/DRR641176/DRR641176											ftp.sra.ebi.ac.uk/vol1/fastq/DRR641/DRR641176/DRR641176_1.fastq.gz;ftp.sra.ebi.ac.uk/vol1/fastq/DRR641/DRR641176/DRR641176_2.fastq.gz							Japan	Pathogen.cl	viral genome analysis of pathogens isolated from Mpox patients: MX23-005-02	ftp.sra.ebi.ac.uk/vol1/drr/DRR641/DRR641176/DRR641176		25a509cf396647459fe467690452ea9e;539a5639ec75a95fc5d30b681fb91301	DRP012290		21065972	Genomic analysis of Monkeypox virus in Japan		GENERATED_FILE;GENERATED_FILE					2023-03-12		viral genome analysis of pathogens isolated from Mpox patients: MX23-005-02					NextSeq 2000							NextSeq 2000 sequencing: Genome sequencing for Monkeypox virus: MX23-005-02					9606			41c437109a13ea71d49332bd7e49ea6c		ftp.sra.ebi.ac.uk/vol1/fastq/DRR641/DRR641176/DRR641176_1.fastq.gz;ftp.sra.ebi.ac.uk/vol1/fastq/DRR641/DRR641176/DRR641176_2.fastq.gz					6252775189	Targeted-Capture					METAGENOMIC	ftp.sra.ebi.ac.uk/vol1/drr/DRR641/DRR641176/DRR641176		PAIRED										dcc_compare;dcc_metagenome												public			fasp.sra.ebi.ac.uk:/vol1/fastq/DRR641/DRR641176/DRR641176_1.fastq.gz;fasp.sra.ebi.ac.uk:/vol1/fastq/DRR641/DRR641176/DRR641176_2.fastq.gz	1;10239;2732004;2732005;2732007;2732525;2732527;10240;10241;10242;3431483;10244			SAMD00886223		2023-02-27			DRR641176					Illumina Viral Surveillance Panel		2023-02-27/2023-03-12	DRX621471		REpository of Data and Biospecimen of INfectious Disease (REBIND)				Homo sapiens	MX23-005-02	pathogen;pathogen:virus;pathogen:priority	2025-06-01			DRX621471	Monkeypox virus		10244	PRJDB16992							Homo sapiens		DRR641176	DRS471553											2025-06-01		DRP012290						Blisters
DRR641172	NextSeq 2000 sequencing: Genome sequencing for Monkeypox virus: MX23-002-02	SAMD00886219	Monkeypox virus	DRA020242					Hybrid Selection						2025-06-01							1575115884				REBIND project in Japan			hMpoxV/Japan/MX23-002-02/202X	927511156;968628806	ILLUMINA		ARCHIVAL_FILE			fasp.sra.ebi.ac.uk:/vol1/drr/DRR641/DRR641172/DRR641172											ftp.sra.ebi.ac.uk/vol1/fastq/DRR641/DRR641172/DRR641172_1.fastq.gz;ftp.sra.ebi.ac.uk/vol1/fastq/DRR641/DRR641172/DRR641172_2.fastq.gz							Japan	Pathogen.cl	viral genome analysis of pathogens isolated from Mpox patients: MX23-002-02	ftp.sra.ebi.ac.uk/vol1/drr/DRR641/DRR641172/DRR641172		44eb346bfc71bc90cf6d896cab3ea53b;e9794e49fa2d960a25cd2e73a2d350bf	DRP012290		13209409	Genomic analysis of Monkeypox virus in Japan		GENERATED_FILE;GENERATED_FILE					2023-01-29		viral genome analysis of pathogens isolated from Mpox patients: MX23-002-02					NextSeq 2000							NextSeq 2000 sequencing: Genome sequencing for Monkeypox virus: MX23-002-02					9606			723a6a5ed4dadc1b55a87200180d19d2		ftp.sra.ebi.ac.uk/vol1/fastq/DRR641/DRR641172/DRR641172_1.fastq.gz;ftp.sra.ebi.ac.uk/vol1/fastq/DRR641/DRR641172/DRR641172_2.fastq.gz					3804559513	Targeted-Capture					METAGENOMIC	ftp.sra.ebi.ac.uk/vol1/drr/DRR641/DRR641172/DRR641172		PAIRED										dcc_compare;dcc_metagenome												public			fasp.sra.ebi.ac.uk:/vol1/fastq/DRR641/DRR641172/DRR641172_1.fastq.gz;fasp.sra.ebi.ac.uk:/vol1/fastq/DRR641/DRR641172/DRR641172_2.fastq.gz	1;10239;2732004;2732005;2732007;2732525;2732527;10240;10241;10242;3431483;10244			SAMD00886219		2022-07-24			DRR641172					Illumina Viral Surveillance Panel		2022-07-25/2023-01-29	DRX621467		REpository of Data and Biospecimen of INfectious Disease (REBIND)				Homo sapiens	MX23-002-02	pathogen;pathogen:virus;pathogen:priority	2025-06-01			DRX621467	Monkeypox virus		10244	PRJDB16992							Homo sapiens		DRR641172	DRS471549											2025-06-01		DRP012290						saliva
DRR641178	NextSeq 2000 sequencing: Genome sequencing for Monkeypox virus: MX23-008-01	SAMD00886225	Monkeypox virus	DRA020242					Hybrid Selection						2025-06-01							3058325304				REBIND project in Japan			hMpoxV/Japan/MX23-008-01/2023	1802538320;1862190960	ILLUMINA		ARCHIVAL_FILE			fasp.sra.ebi.ac.uk:/vol1/drr/DRR641/DRR641178/DRR641178											ftp.sra.ebi.ac.uk/vol1/fastq/DRR641/DRR641178/DRR641178_1.fastq.gz;ftp.sra.ebi.ac.uk/vol1/fastq/DRR641/DRR641178/DRR641178_2.fastq.gz							Japan	Pathogen.cl	viral genome analysis of pathogens isolated from Mpox patients: MX23-008-01	ftp.sra.ebi.ac.uk/vol1/drr/DRR641/DRR641178/DRR641178		79aa2ccd5240af4a25622885f58f2da2;475d6fcf65ff77e3909797cd6119540c	DRP012290		24825368	Genomic analysis of Monkeypox virus in Japan		GENERATED_FILE;GENERATED_FILE					2023-03-19		viral genome analysis of pathogens isolated from Mpox patients: MX23-008-01					NextSeq 2000							NextSeq 2000 sequencing: Genome sequencing for Monkeypox virus: MX23-008-01					9606			3a2f67b9aa0f6ea38d4ef9cd58788712		ftp.sra.ebi.ac.uk/vol1/fastq/DRR641/DRR641178/DRR641178_1.fastq.gz;ftp.sra.ebi.ac.uk/vol1/fastq/DRR641/DRR641178/DRR641178_2.fastq.gz					7047848561	Targeted-Capture					METAGENOMIC	ftp.sra.ebi.ac.uk/vol1/drr/DRR641/DRR641178/DRR641178		PAIRED										dcc_compare;dcc_metagenome												public			fasp.sra.ebi.ac.uk:/vol1/fastq/DRR641/DRR641178/DRR641178_1.fastq.gz;fasp.sra.ebi.ac.uk:/vol1/fastq/DRR641/DRR641178/DRR641178_2.fastq.gz	1;10239;2732004;2732005;2732007;2732525;2732527;10240;10241;10242;3431483;10244			SAMD00886225		2023-03-13			DRR641178					Illumina Viral Surveillance Panel		2023-03-13/2023-03-19	DRX621473		REpository of Data and Biospecimen of INfectious Disease (REBIND)				Homo sapiens	MX23-008-01	pathogen;pathogen:virus;pathogen:priority	2025-06-01			DRX621473	Monkeypox virus		10244	PRJDB16992							Homo sapiens		DRR641178	DRS471555											2025-06-01		DRP012290						Blisters
DRR641175	NextSeq 2000 sequencing: Genome sequencing for Monkeypox virus: MX23-004-01	SAMD00886222	Monkeypox virus	DRA020242					Hybrid Selection						2025-06-01							2041710461				REBIND project in Japan			hMpoxV/Japan/MX23-004-01/2023	1204829045;1263543556	ILLUMINA		ARCHIVAL_FILE			fasp.sra.ebi.ac.uk:/vol1/drr/DRR641/DRR641175/DRR641175											ftp.sra.ebi.ac.uk/vol1/fastq/DRR641/DRR641175/DRR641175_1.fastq.gz;ftp.sra.ebi.ac.uk/vol1/fastq/DRR641/DRR641175/DRR641175_2.fastq.gz							Japan	Pathogen.cl	viral genome analysis of pathogens isolated from Mpox patients: MX23-004-01	ftp.sra.ebi.ac.uk/vol1/drr/DRR641/DRR641175/DRR641175		69d1189ffddfa73a7765f164390c52a9;f201abfd1c1b5945b6f512ec73e55fdf	DRP012290		16478428	Genomic analysis of Monkeypox virus in Japan		GENERATED_FILE;GENERATED_FILE					2023-02-26		viral genome analysis of pathogens isolated from Mpox patients: MX23-004-01					NextSeq 2000							NextSeq 2000 sequencing: Genome sequencing for Monkeypox virus: MX23-004-01					9606			ddd2f9f2ceb29c22fdabbd19b6af1b84		ftp.sra.ebi.ac.uk/vol1/fastq/DRR641/DRR641175/DRR641175_1.fastq.gz;ftp.sra.ebi.ac.uk/vol1/fastq/DRR641/DRR641175/DRR641175_2.fastq.gz					4720487206	Targeted-Capture					METAGENOMIC	ftp.sra.ebi.ac.uk/vol1/drr/DRR641/DRR641175/DRR641175		PAIRED										dcc_compare;dcc_metagenome												public			fasp.sra.ebi.ac.uk:/vol1/fastq/DRR641/DRR641175/DRR641175_1.fastq.gz;fasp.sra.ebi.ac.uk:/vol1/fastq/DRR641/DRR641175/DRR641175_2.fastq.gz	1;10239;2732004;2732005;2732007;2732525;2732527;10240;10241;10242;3431483;10244			SAMD00886222		2023-01-30			DRR641175					Illumina Viral Surveillance Panel		2023-01-30/2023-02-26	DRX621470		REpository of Data and Biospecimen of INfectious Disease (REBIND)				Homo sapiens	MX23-004-01	pathogen;pathogen:virus;pathogen:priority	2025-06-01			DRX621470	Monkeypox virus		10244	PRJDB16992							Homo sapiens		DRR641175	DRS471552											2025-06-01		DRP012290						Blisters
DRR641179	NextSeq 2000 sequencing: Genome sequencing for Monkeypox virus: MX23-009-01	SAMD00886226	Monkeypox virus	DRA020242					Hybrid Selection						2025-06-01							757570401				REBIND project in Japan			hMpoxV/Japan/MX23-009-01/2023	449365916;463679079	ILLUMINA		ARCHIVAL_FILE			fasp.sra.ebi.ac.uk:/vol1/drr/DRR641/DRR641179/DRR641179											ftp.sra.ebi.ac.uk/vol1/fastq/DRR641/DRR641179/DRR641179_1.fastq.gz;ftp.sra.ebi.ac.uk/vol1/fastq/DRR641/DRR641179/DRR641179_2.fastq.gz							Japan	Pathogen.cl	viral genome analysis of pathogens isolated from Mpox patients: MX23-009-01	ftp.sra.ebi.ac.uk/vol1/drr/DRR641/DRR641179/DRR641179		7e0364c5452d66346bbf4cddb7747964;89c45e5dbebb8715d434f7144fb7e2f5	DRP012290		6001954	Genomic analysis of Monkeypox virus in Japan		GENERATED_FILE;GENERATED_FILE					2023-03-19		viral genome analysis of pathogens isolated from Mpox patients: MX23-009-01					NextSeq 2000							NextSeq 2000 sequencing: Genome sequencing for Monkeypox virus: MX23-009-01					9606			1c2533a053cfb6ca55b050606110f8c2		ftp.sra.ebi.ac.uk/vol1/fastq/DRR641/DRR641179/DRR641179_1.fastq.gz;ftp.sra.ebi.ac.uk/vol1/fastq/DRR641/DRR641179/DRR641179_2.fastq.gz					1778665748	Targeted-Capture					METAGENOMIC	ftp.sra.ebi.ac.uk/vol1/drr/DRR641/DRR641179/DRR641179		PAIRED										dcc_compare;dcc_metagenome												public			fasp.sra.ebi.ac.uk:/vol1/fastq/DRR641/DRR641179/DRR641179_1.fastq.gz;fasp.sra.ebi.ac.uk:/vol1/fastq/DRR641/DRR641179/DRR641179_2.fastq.gz	1;10239;2732004;2732005;2732007;2732525;2732527;10240;10241;10242;3431483;10244			SAMD00886226		2023-03-13			DRR641179					Illumina Viral Surveillance Panel		2023-03-13/2023-03-19	DRX621474		REpository of Data and Biospecimen of INfectious Disease (REBIND)				Homo sapiens	MX23-009-01	pathogen;pathogen:virus;pathogen:priority	2025-06-01			DRX621474	Monkeypox virus		10244	PRJDB16992							Homo sapiens		DRR641179	DRS471556											2025-06-01		DRP012290						Blisters
DRR641177	NextSeq 2000 sequencing: Genome sequencing for Monkeypox virus: MX23-006-02	SAMD00886224	Monkeypox virus	DRA020242					Hybrid Selection						2025-06-01							3103138522				REBIND project in Japan			hMpoxV/Japan/MX23-006-02/2023	1836393718;1897435417	ILLUMINA		ARCHIVAL_FILE			fasp.sra.ebi.ac.uk:/vol1/drr/DRR641/DRR641177/DRR641177											ftp.sra.ebi.ac.uk/vol1/fastq/DRR641/DRR641177/DRR641177_1.fastq.gz;ftp.sra.ebi.ac.uk/vol1/fastq/DRR641/DRR641177/DRR641177_2.fastq.gz							Japan	Pathogen.cl	viral genome analysis of pathogens isolated from Mpox patients: MX23-006-02	ftp.sra.ebi.ac.uk/vol1/drr/DRR641/DRR641177/DRR641177		200c3028ca938c9f2b034076d291a3c0;11a516f2308f6050ce53fae0f5d18a56	DRP012290		24486126	Genomic analysis of Monkeypox virus in Japan		GENERATED_FILE;GENERATED_FILE					2023-03-12		viral genome analysis of pathogens isolated from Mpox patients: MX23-006-02					NextSeq 2000							NextSeq 2000 sequencing: Genome sequencing for Monkeypox virus: MX23-006-02					9606			2471d2178f8703b8707d19ef471bb71a		ftp.sra.ebi.ac.uk/vol1/fastq/DRR641/DRR641177/DRR641177_1.fastq.gz;ftp.sra.ebi.ac.uk/vol1/fastq/DRR641/DRR641177/DRR641177_2.fastq.gz					7230723249	Targeted-Capture					METAGENOMIC	ftp.sra.ebi.ac.uk/vol1/drr/DRR641/DRR641177/DRR641177		PAIRED										dcc_compare;dcc_metagenome												public			fasp.sra.ebi.ac.uk:/vol1/fastq/DRR641/DRR641177/DRR641177_1.fastq.gz;fasp.sra.ebi.ac.uk:/vol1/fastq/DRR641/DRR641177/DRR641177_2.fastq.gz	1;10239;2732004;2732005;2732007;2732525;2732527;10240;10241;10242;3431483;10244			SAMD00886224		2023-02-27			DRR641177					Illumina Viral Surveillance Panel		2023-02-27/2023-03-12	DRX621472		REpository of Data and Biospecimen of INfectious Disease (REBIND)				Homo sapiens	MX23-006-02	pathogen;pathogen:virus;pathogen:priority	2025-06-01			DRX621472	Monkeypox virus		10244	PRJDB16992							Homo sapiens		DRR641177	DRS471554											2025-06-01		DRP012290						Blisters
DRR641181	NextSeq 2000 sequencing: Genome sequencing for Monkeypox virus: MX23-012-01	SAMD00886228	Monkeypox virus	DRA020242					Hybrid Selection						2025-06-01							901902555				REBIND project in Japan			hMpoxV/Japan/MX23-012-01/202X	543912551;554929737	ILLUMINA		ARCHIVAL_FILE			fasp.sra.ebi.ac.uk:/vol1/drr/DRR641/DRR641181/DRR641181											ftp.sra.ebi.ac.uk/vol1/fastq/DRR641/DRR641181/DRR641181_1.fastq.gz;ftp.sra.ebi.ac.uk/vol1/fastq/DRR641/DRR641181/DRR641181_2.fastq.gz							Japan	Pathogen.cl	viral genome analysis of pathogens isolated from Mpox patients: MX23-012-01	ftp.sra.ebi.ac.uk/vol1/drr/DRR641/DRR641181/DRR641181		eedff71ea117e1e343c86419edd7f343;f206eb3abb430c9bc85e449ea7596fec	DRP012290		7119386	Genomic analysis of Monkeypox virus in Japan		GENERATED_FILE;GENERATED_FILE					2023-01-29		viral genome analysis of pathogens isolated from Mpox patients: MX23-012-01					NextSeq 2000							NextSeq 2000 sequencing: Genome sequencing for Monkeypox virus: MX23-012-01					9606			a65e07166acfa98b361de55acd280120		ftp.sra.ebi.ac.uk/vol1/fastq/DRR641/DRR641181/DRR641181_1.fastq.gz;ftp.sra.ebi.ac.uk/vol1/fastq/DRR641/DRR641181/DRR641181_2.fastq.gz					2089847325	Targeted-Capture					METAGENOMIC	ftp.sra.ebi.ac.uk/vol1/drr/DRR641/DRR641181/DRR641181		PAIRED										dcc_compare;dcc_metagenome												public			fasp.sra.ebi.ac.uk:/vol1/fastq/DRR641/DRR641181/DRR641181_1.fastq.gz;fasp.sra.ebi.ac.uk:/vol1/fastq/DRR641/DRR641181/DRR641181_2.fastq.gz	1;10239;2732004;2732005;2732007;2732525;2732527;10240;10241;10242;3431483;10244			SAMD00886228		2022-07-24			DRR641181					Illumina Viral Surveillance Panel		2022-07-25/2023-01-29	DRX621476		REpository of Data and Biospecimen of INfectious Disease (REBIND)				Homo sapiens	MX23-012-01	pathogen;pathogen:virus;pathogen:priority	2025-06-01			DRX621476	Monkeypox virus		10244	PRJDB16992							Homo sapiens		DRR641181	DRS471558											2025-06-01		DRP012290						Blisters
DRR641180	NextSeq 2000 sequencing: Genome sequencing for Monkeypox virus: MX23-010-01	SAMD00886227	Monkeypox virus	DRA020242					Hybrid Selection						2025-06-01							1220521016				REBIND project in Japan			hMpoxV/Japan/MX23-010-01/202X	730404319;742792574	ILLUMINA		ARCHIVAL_FILE			fasp.sra.ebi.ac.uk:/vol1/drr/DRR641/DRR641180/DRR641180											ftp.sra.ebi.ac.uk/vol1/fastq/DRR641/DRR641180/DRR641180_1.fastq.gz;ftp.sra.ebi.ac.uk/vol1/fastq/DRR641/DRR641180/DRR641180_2.fastq.gz							Japan	Pathogen.cl	viral genome analysis of pathogens isolated from Mpox patients: MX23-010-01	ftp.sra.ebi.ac.uk/vol1/drr/DRR641/DRR641180/DRR641180		ca95c6b479b75d35a419a48b288fd66f;be45810885165cd986db157d059b877f	DRP012290		9707091	Genomic analysis of Monkeypox virus in Japan		GENERATED_FILE;GENERATED_FILE					2023-01-29		viral genome analysis of pathogens isolated from Mpox patients: MX23-010-01					NextSeq 2000							NextSeq 2000 sequencing: Genome sequencing for Monkeypox virus: MX23-010-01					9606			28710a258016ac6d0fd4ebe5075da501		ftp.sra.ebi.ac.uk/vol1/fastq/DRR641/DRR641180/DRR641180_1.fastq.gz;ftp.sra.ebi.ac.uk/vol1/fastq/DRR641/DRR641180/DRR641180_2.fastq.gz					2874501273	Targeted-Capture					METAGENOMIC	ftp.sra.ebi.ac.uk/vol1/drr/DRR641/DRR641180/DRR641180		PAIRED										dcc_compare;dcc_metagenome												public			fasp.sra.ebi.ac.uk:/vol1/fastq/DRR641/DRR641180/DRR641180_1.fastq.gz;fasp.sra.ebi.ac.uk:/vol1/fastq/DRR641/DRR641180/DRR641180_2.fastq.gz	1;10239;2732004;2732005;2732007;2732525;2732527;10240;10241;10242;3431483;10244			SAMD00886227		2022-07-24			DRR641180					Illumina Viral Surveillance Panel		2022-07-25/2023-01-29	DRX621475		REpository of Data and Biospecimen of INfectious Disease (REBIND)				Homo sapiens	MX23-010-01	pathogen;pathogen:virus;pathogen:priority	2025-06-01			DRX621475	Monkeypox virus		10244	PRJDB16992							Homo sapiens		DRR641180	DRS471557											2025-06-01		DRP012290						Blisters
DRR641185	NextSeq 2000 sequencing: Genome sequencing for Monkeypox virus: MX23-016-01	SAMD00886232	Monkeypox virus	DRA020242					Hybrid Selection						2025-06-01							2025527861				REBIND project in Japan			hMpoxV/Japan/MX23-016-01/2023	1199627697;1236685881	ILLUMINA		ARCHIVAL_FILE			fasp.sra.ebi.ac.uk:/vol1/drr/DRR641/DRR641185/DRR641185											ftp.sra.ebi.ac.uk/vol1/fastq/DRR641/DRR641185/DRR641185_1.fastq.gz;ftp.sra.ebi.ac.uk/vol1/fastq/DRR641/DRR641185/DRR641185_2.fastq.gz							Japan	Pathogen.cl	viral genome analysis of pathogens isolated from Mpox patients: MX23-016-01	ftp.sra.ebi.ac.uk/vol1/drr/DRR641/DRR641185/DRR641185		34f685c7b49e90b7b0561d81dae5b224;3e07e17cb0b0a14b2ed22dfa4a78fe28	DRP012290		16012955	Genomic analysis of Monkeypox virus in Japan		GENERATED_FILE;GENERATED_FILE					2023-04-09		viral genome analysis of pathogens isolated from Mpox patients: MX23-016-01					NextSeq 2000							NextSeq 2000 sequencing: Genome sequencing for Monkeypox virus: MX23-016-01					9606			80539d2d8b14486999ccdd292d4bcc72		ftp.sra.ebi.ac.uk/vol1/fastq/DRR641/DRR641185/DRR641185_1.fastq.gz;ftp.sra.ebi.ac.uk/vol1/fastq/DRR641/DRR641185/DRR641185_2.fastq.gz					4724858343	Targeted-Capture					METAGENOMIC	ftp.sra.ebi.ac.uk/vol1/drr/DRR641/DRR641185/DRR641185		PAIRED										dcc_compare;dcc_metagenome												public			fasp.sra.ebi.ac.uk:/vol1/fastq/DRR641/DRR641185/DRR641185_1.fastq.gz;fasp.sra.ebi.ac.uk:/vol1/fastq/DRR641/DRR641185/DRR641185_2.fastq.gz	1;10239;2732004;2732005;2732007;2732525;2732527;10240;10241;10242;3431483;10244			SAMD00886232		2023-04-02			DRR641185					Illumina Viral Surveillance Panel		2023-04-03/2023-04-09	DRX621480		REpository of Data and Biospecimen of INfectious Disease (REBIND)				Homo sapiens	MX23-016-01	pathogen;pathogen:virus;pathogen:priority	2025-06-01			DRX621480	Monkeypox virus		10244	PRJDB16992							Homo sapiens		DRR641185	DRS471562											2025-06-01		DRP012290						Blisters
DRR641182	NextSeq 2000 sequencing: Genome sequencing for Monkeypox virus: MX23-013-01	SAMD00886229	Monkeypox virus	DRA020242					Hybrid Selection						2025-06-01							2501653144				REBIND project in Japan			hMpoxV/Japan/MX23-013-01/202X	1487041209;1523823842	ILLUMINA		ARCHIVAL_FILE			fasp.sra.ebi.ac.uk:/vol1/drr/DRR641/DRR641182/DRR641182											ftp.sra.ebi.ac.uk/vol1/fastq/DRR641/DRR641182/DRR641182_1.fastq.gz;ftp.sra.ebi.ac.uk/vol1/fastq/DRR641/DRR641182/DRR641182_2.fastq.gz							Japan	Pathogen.cl	viral genome analysis of pathogens isolated from Mpox patients: MX23-013-01	ftp.sra.ebi.ac.uk/vol1/drr/DRR641/DRR641182/DRR641182		3e3d81105062a80978946aa17f5cc4e1;252196705fc0f8d59e798565ba2cc80f	DRP012290		20209157	Genomic analysis of Monkeypox virus in Japan		GENERATED_FILE;GENERATED_FILE					2023-01-29		viral genome analysis of pathogens isolated from Mpox patients: MX23-013-01					NextSeq 2000							NextSeq 2000 sequencing: Genome sequencing for Monkeypox virus: MX23-013-01					9606			a5ca68faab063fa8171e97c8fd5c5b59		ftp.sra.ebi.ac.uk/vol1/fastq/DRR641/DRR641182/DRR641182_1.fastq.gz;ftp.sra.ebi.ac.uk/vol1/fastq/DRR641/DRR641182/DRR641182_2.fastq.gz					5788824459	Targeted-Capture					METAGENOMIC	ftp.sra.ebi.ac.uk/vol1/drr/DRR641/DRR641182/DRR641182		PAIRED										dcc_compare;dcc_metagenome												public			fasp.sra.ebi.ac.uk:/vol1/fastq/DRR641/DRR641182/DRR641182_1.fastq.gz;fasp.sra.ebi.ac.uk:/vol1/fastq/DRR641/DRR641182/DRR641182_2.fastq.gz	1;10239;2732004;2732005;2732007;2732525;2732527;10240;10241;10242;3431483;10244			SAMD00886229		2022-07-24			DRR641182					Illumina Viral Surveillance Panel		2022-07-25/2023-01-29	DRX621477		REpository of Data and Biospecimen of INfectious Disease (REBIND)				Homo sapiens	MX23-013-01	pathogen;pathogen:virus;pathogen:priority	2025-06-01			DRX621477	Monkeypox virus		10244	PRJDB16992							Homo sapiens		DRR641182	DRS471559											2025-06-01		DRP012290						Blisters
DRR641192	NextSeq 2000 sequencing: Genome sequencing for Monkeypox virus: MX23-025-01	SAMD00886239	Monkeypox virus	DRA020242					Hybrid Selection						2025-06-01							7514104690				REBIND project in Japan			hMpoxV/Japan/MX23-025-01/2023	4459851692;4626843959	ILLUMINA		ARCHIVAL_FILE			fasp.sra.ebi.ac.uk:/vol1/drr/DRR641/DRR641192/DRR641192											ftp.sra.ebi.ac.uk/vol1/fastq/DRR641/DRR641192/DRR641192_1.fastq.gz;ftp.sra.ebi.ac.uk/vol1/fastq/DRR641/DRR641192/DRR641192_2.fastq.gz							Japan	Pathogen.cl	viral genome analysis of pathogens isolated from Mpox patients: MX23-025-01	ftp.sra.ebi.ac.uk/vol1/drr/DRR641/DRR641192/DRR641192		9b7f4e07b52942e52feea5aa541d8cca;8a3980d39319a86a000a2f6a1b37778a	DRP012290		63261252	Genomic analysis of Monkeypox virus in Japan		GENERATED_FILE;GENERATED_FILE					2023-09-24		viral genome analysis of pathogens isolated from Mpox patients: MX23-025-01					NextSeq 2000							NextSeq 2000 sequencing: Genome sequencing for Monkeypox virus: MX23-025-01					9606			26f9e7b7e85d065d9bfa3cc3fe9dee20		ftp.sra.ebi.ac.uk/vol1/fastq/DRR641/DRR641192/DRR641192_1.fastq.gz;ftp.sra.ebi.ac.uk/vol1/fastq/DRR641/DRR641192/DRR641192_2.fastq.gz					17617443643	Targeted-Capture					METAGENOMIC	ftp.sra.ebi.ac.uk/vol1/drr/DRR641/DRR641192/DRR641192		PAIRED										dcc_compare;dcc_metagenome												public			fasp.sra.ebi.ac.uk:/vol1/fastq/DRR641/DRR641192/DRR641192_1.fastq.gz;fasp.sra.ebi.ac.uk:/vol1/fastq/DRR641/DRR641192/DRR641192_2.fastq.gz	1;10239;2732004;2732005;2732007;2732525;2732527;10240;10241;10242;3431483;10244			SAMD00886239		2023-08-20			DRR641192					Illumina Viral Surveillance Panel		2023-08-21/2023-09-24	DRX621487		REpository of Data and Biospecimen of INfectious Disease (REBIND)				Homo sapiens	MX23-025-01	pathogen;pathogen:virus;pathogen:priority	2025-06-01			DRX621487	Monkeypox virus		10244	PRJDB16992							Homo sapiens		DRR641192	DRS471569											2025-06-01		DRP012290						Blisters
DRR641183	NextSeq 2000 sequencing: Genome sequencing for Monkeypox virus: MX23-014-02	SAMD00886230	Monkeypox virus	DRA020242					Hybrid Selection						2025-06-01							2208328965				REBIND project in Japan			hMpoxV/Japan/MX23-014-02/2023	1317648094;1352325504	ILLUMINA		ARCHIVAL_FILE			fasp.sra.ebi.ac.uk:/vol1/drr/DRR641/DRR641183/DRR641183											ftp.sra.ebi.ac.uk/vol1/fastq/DRR641/DRR641183/DRR641183_1.fastq.gz;ftp.sra.ebi.ac.uk/vol1/fastq/DRR641/DRR641183/DRR641183_2.fastq.gz							Japan	Pathogen.cl	viral genome analysis of pathogens isolated from Mpox patients: MX23-014-02	ftp.sra.ebi.ac.uk/vol1/drr/DRR641/DRR641183/DRR641183		f5ed228673972ec8992261ecff00202b;fe64c534338e1105bd67382de1ed8bc7	DRP012290		17535038	Genomic analysis of Monkeypox virus in Japan		GENERATED_FILE;GENERATED_FILE					2023-04-02		viral genome analysis of pathogens isolated from Mpox patients: MX23-014-02					NextSeq 2000							NextSeq 2000 sequencing: Genome sequencing for Monkeypox virus: MX23-014-02					9606			cb3cdedaaf5c601cadf1de28a1e2f2ba		ftp.sra.ebi.ac.uk/vol1/fastq/DRR641/DRR641183/DRR641183_1.fastq.gz;ftp.sra.ebi.ac.uk/vol1/fastq/DRR641/DRR641183/DRR641183_2.fastq.gz					5147329315	Targeted-Capture					METAGENOMIC	ftp.sra.ebi.ac.uk/vol1/drr/DRR641/DRR641183/DRR641183		PAIRED										dcc_compare;dcc_metagenome												public			fasp.sra.ebi.ac.uk:/vol1/fastq/DRR641/DRR641183/DRR641183_1.fastq.gz;fasp.sra.ebi.ac.uk:/vol1/fastq/DRR641/DRR641183/DRR641183_2.fastq.gz	1;10239;2732004;2732005;2732007;2732525;2732527;10240;10241;10242;3431483;10244			SAMD00886230		2023-03-26			DRR641183					Illumina Viral Surveillance Panel		2023-03-27/2023-04-02	DRX621478		REpository of Data and Biospecimen of INfectious Disease (REBIND)				Homo sapiens	MX23-014-02	pathogen;pathogen:virus;pathogen:priority	2025-06-01			DRX621478	Monkeypox virus		10244	PRJDB16992							Homo sapiens		DRR641183	DRS471560											2025-06-01		DRP012290						Blisters
DRR641193	NextSeq 2000 sequencing: Genome sequencing for Monkeypox virus: MX23-026-01	SAMD00886240	Monkeypox virus	DRA020242					Hybrid Selection						2025-06-01							6234859481				REBIND project in Japan			hMpoxV/Japan/MX23-026-01/2023	3683634684;3843033610	ILLUMINA		ARCHIVAL_FILE			fasp.sra.ebi.ac.uk:/vol1/drr/DRR641/DRR641193/DRR641193											ftp.sra.ebi.ac.uk/vol1/fastq/DRR641/DRR641193/DRR641193_1.fastq.gz;ftp.sra.ebi.ac.uk/vol1/fastq/DRR641/DRR641193/DRR641193_2.fastq.gz							Japan	Pathogen.cl	viral genome analysis of pathogens isolated from Mpox patients: MX23-026-01	ftp.sra.ebi.ac.uk/vol1/drr/DRR641/DRR641193/DRR641193		2183d40b66021bbf85e720b68defa03c;f2a87b2461fd719247000c41dc9c21c2	DRP012290		51083499	Genomic analysis of Monkeypox virus in Japan		GENERATED_FILE;GENERATED_FILE					2023-09-24		viral genome analysis of pathogens isolated from Mpox patients: MX23-026-01					NextSeq 2000							NextSeq 2000 sequencing: Genome sequencing for Monkeypox virus: MX23-026-01					9606			5d44709525a5efb826e7ae4c2ba06515		ftp.sra.ebi.ac.uk/vol1/fastq/DRR641/DRR641193/DRR641193_1.fastq.gz;ftp.sra.ebi.ac.uk/vol1/fastq/DRR641/DRR641193/DRR641193_2.fastq.gz					14763296322	Targeted-Capture					METAGENOMIC	ftp.sra.ebi.ac.uk/vol1/drr/DRR641/DRR641193/DRR641193		PAIRED										dcc_compare;dcc_metagenome												public			fasp.sra.ebi.ac.uk:/vol1/fastq/DRR641/DRR641193/DRR641193_1.fastq.gz;fasp.sra.ebi.ac.uk:/vol1/fastq/DRR641/DRR641193/DRR641193_2.fastq.gz	1;10239;2732004;2732005;2732007;2732525;2732527;10240;10241;10242;3431483;10244			SAMD00886240		2023-08-20			DRR641193					Illumina Viral Surveillance Panel		2023-08-21/2023-09-24	DRX621488		REpository of Data and Biospecimen of INfectious Disease (REBIND)				Homo sapiens	MX23-026-01	pathogen;pathogen:virus;pathogen:priority	2025-06-01			DRX621488	Monkeypox virus		10244	PRJDB16992							Homo sapiens		DRR641193	DRS471570											2025-06-01		DRP012290						Blisters
DRR641184	NextSeq 2000 sequencing: Genome sequencing for Monkeypox virus: MX23-015-01	SAMD00886231	Monkeypox virus	DRA020242					Hybrid Selection						2025-06-01							2515410883				REBIND project in Japan			hMpoxV/Japan/MX23-015-01/2023	1490975762;1528305581	ILLUMINA		ARCHIVAL_FILE			fasp.sra.ebi.ac.uk:/vol1/drr/DRR641/DRR641184/DRR641184											ftp.sra.ebi.ac.uk/vol1/fastq/DRR641/DRR641184/DRR641184_1.fastq.gz;ftp.sra.ebi.ac.uk/vol1/fastq/DRR641/DRR641184/DRR641184_2.fastq.gz							Japan	Pathogen.cl	viral genome analysis of pathogens isolated from Mpox patients: MX23-015-01	ftp.sra.ebi.ac.uk/vol1/drr/DRR641/DRR641184/DRR641184		f677aceaf218414915ce7c617e402ca3;7156bd8cfe233e5d6878732aed7af2f1	DRP012290		20145194	Genomic analysis of Monkeypox virus in Japan		GENERATED_FILE;GENERATED_FILE					2023-04-09		viral genome analysis of pathogens isolated from Mpox patients: MX23-015-01					NextSeq 2000							NextSeq 2000 sequencing: Genome sequencing for Monkeypox virus: MX23-015-01					9606			d4b2339fd36826b1d2ea1231a11acc82		ftp.sra.ebi.ac.uk/vol1/fastq/DRR641/DRR641184/DRR641184_1.fastq.gz;ftp.sra.ebi.ac.uk/vol1/fastq/DRR641/DRR641184/DRR641184_2.fastq.gz					5851572687	Targeted-Capture					METAGENOMIC	ftp.sra.ebi.ac.uk/vol1/drr/DRR641/DRR641184/DRR641184		PAIRED										dcc_compare;dcc_metagenome												public			fasp.sra.ebi.ac.uk:/vol1/fastq/DRR641/DRR641184/DRR641184_1.fastq.gz;fasp.sra.ebi.ac.uk:/vol1/fastq/DRR641/DRR641184/DRR641184_2.fastq.gz	1;10239;2732004;2732005;2732007;2732525;2732527;10240;10241;10242;3431483;10244			SAMD00886231		2023-04-02			DRR641184					Illumina Viral Surveillance Panel		2023-04-03/2023-04-09	DRX621479		REpository of Data and Biospecimen of INfectious Disease (REBIND)				Homo sapiens	MX23-015-01	pathogen;pathogen:virus;pathogen:priority	2025-06-01			DRX621479	Monkeypox virus		10244	PRJDB16992							Homo sapiens		DRR641184	DRS471561											2025-06-01		DRP012290						Blisters
DRR641186	NextSeq 2000 sequencing: Genome sequencing for Monkeypox virus: MX23-017-01	SAMD00886233	Monkeypox virus	DRA020242					Hybrid Selection						2025-06-01							2729094797				REBIND project in Japan			hMpoxV/Japan/MX23-017-01/2023	1619048024;1684759524	ILLUMINA		ARCHIVAL_FILE			fasp.sra.ebi.ac.uk:/vol1/drr/DRR641/DRR641186/DRR641186											ftp.sra.ebi.ac.uk/vol1/fastq/DRR641/DRR641186/DRR641186_1.fastq.gz;ftp.sra.ebi.ac.uk/vol1/fastq/DRR641/DRR641186/DRR641186_2.fastq.gz							Japan	Pathogen.cl	viral genome analysis of pathogens isolated from Mpox patients: MX23-017-01	ftp.sra.ebi.ac.uk/vol1/drr/DRR641/DRR641186/DRR641186		90426626c2c321e29bcb01d7cb4dc0c5;03be570382417d4071f985e4faafda07	DRP012290		22759507	Genomic analysis of Monkeypox virus in Japan		GENERATED_FILE;GENERATED_FILE					2023-04-23		viral genome analysis of pathogens isolated from Mpox patients: MX23-017-01					NextSeq 2000							NextSeq 2000 sequencing: Genome sequencing for Monkeypox virus: MX23-017-01					9606			e1f4f3b22f183ae171a714feef365048		ftp.sra.ebi.ac.uk/vol1/fastq/DRR641/DRR641186/DRR641186_1.fastq.gz;ftp.sra.ebi.ac.uk/vol1/fastq/DRR641/DRR641186/DRR641186_2.fastq.gz					6144772095	Targeted-Capture					METAGENOMIC	ftp.sra.ebi.ac.uk/vol1/drr/DRR641/DRR641186/DRR641186		PAIRED										dcc_compare;dcc_metagenome												public			fasp.sra.ebi.ac.uk:/vol1/fastq/DRR641/DRR641186/DRR641186_1.fastq.gz;fasp.sra.ebi.ac.uk:/vol1/fastq/DRR641/DRR641186/DRR641186_2.fastq.gz	1;10239;2732004;2732005;2732007;2732525;2732527;10240;10241;10242;3431483;10244			SAMD00886233		2023-04-09			DRR641186					Illumina Viral Surveillance Panel		2023-04-10/2023-04-23	DRX621481		REpository of Data and Biospecimen of INfectious Disease (REBIND)				Homo sapiens	MX23-017-01	pathogen;pathogen:virus;pathogen:priority	2025-06-01			DRX621481	Monkeypox virus		10244	PRJDB16992							Homo sapiens		DRR641186	DRS471563											2025-06-01		DRP012290						Blisters
DRR641187	NextSeq 2000 sequencing: Genome sequencing for Monkeypox virus: MX23-019-01	SAMD00886234	Monkeypox virus	DRA020242					Hybrid Selection						2025-06-01							3122021978				REBIND project in Japan			hMpoxV/Japan/MX23-019-01/2023	1856907192;1896826304	ILLUMINA		ARCHIVAL_FILE			fasp.sra.ebi.ac.uk:/vol1/drr/DRR641/DRR641187/DRR641187											ftp.sra.ebi.ac.uk/vol1/fastq/DRR641/DRR641187/DRR641187_1.fastq.gz;ftp.sra.ebi.ac.uk/vol1/fastq/DRR641/DRR641187/DRR641187_2.fastq.gz							Japan	Pathogen.cl	viral genome analysis of pathogens isolated from Mpox patients: MX23-019-01	ftp.sra.ebi.ac.uk/vol1/drr/DRR641/DRR641187/DRR641187		82bd4e901aae3881d2ddae93e5dd2445;8383b774ed8efe3dc7cd3f6f3c5437af	DRP012290		25707053	Genomic analysis of Monkeypox virus in Japan		GENERATED_FILE;GENERATED_FILE					2023-05-21		viral genome analysis of pathogens isolated from Mpox patients: MX23-019-01					NextSeq 2000							NextSeq 2000 sequencing: Genome sequencing for Monkeypox virus: MX23-019-01					9606			f6bab26993507f9064dd4ebba884b348		ftp.sra.ebi.ac.uk/vol1/fastq/DRR641/DRR641187/DRR641187_1.fastq.gz;ftp.sra.ebi.ac.uk/vol1/fastq/DRR641/DRR641187/DRR641187_2.fastq.gz					7114265070	Targeted-Capture					METAGENOMIC	ftp.sra.ebi.ac.uk/vol1/drr/DRR641/DRR641187/DRR641187		PAIRED										dcc_compare;dcc_metagenome												public			fasp.sra.ebi.ac.uk:/vol1/fastq/DRR641/DRR641187/DRR641187_1.fastq.gz;fasp.sra.ebi.ac.uk:/vol1/fastq/DRR641/DRR641187/DRR641187_2.fastq.gz	1;10239;2732004;2732005;2732007;2732525;2732527;10240;10241;10242;3431483;10244			SAMD00886234		2023-05-14			DRR641187					Illumina Viral Surveillance Panel		2023-05-15/2023-05-21	DRX621482		REpository of Data and Biospecimen of INfectious Disease (REBIND)				Homo sapiens	MX23-019-01	pathogen;pathogen:virus;pathogen:priority	2025-06-01			DRX621482	Monkeypox virus		10244	PRJDB16992							Homo sapiens		DRR641187	DRS471564											2025-06-01		DRP012290						Blisters
DRR641188	NextSeq 2000 sequencing: Genome sequencing for Monkeypox virus: MX23-020-01	SAMD00886235	Monkeypox virus	DRA020242					Hybrid Selection						2025-06-01							3280651242				REBIND project in Japan			hMpoxV/Japan/MX23-020-01/2023	1946109916;2003025902	ILLUMINA		ARCHIVAL_FILE			fasp.sra.ebi.ac.uk:/vol1/drr/DRR641/DRR641188/DRR641188											ftp.sra.ebi.ac.uk/vol1/fastq/DRR641/DRR641188/DRR641188_1.fastq.gz;ftp.sra.ebi.ac.uk/vol1/fastq/DRR641/DRR641188/DRR641188_2.fastq.gz							Japan	Pathogen.cl	viral genome analysis of pathogens isolated from Mpox patients: MX23-020-01	ftp.sra.ebi.ac.uk/vol1/drr/DRR641/DRR641188/DRR641188		9bba4b569d001460abfa0df0a44169a5;c959dec6ca9ba594225c410e539329eb	DRP012290		26953579	Genomic analysis of Monkeypox virus in Japan		GENERATED_FILE;GENERATED_FILE					2023-05-21		viral genome analysis of pathogens isolated from Mpox patients: MX23-020-01					NextSeq 2000							NextSeq 2000 sequencing: Genome sequencing for Monkeypox virus: MX23-020-01					9606			952913db4e66794ee5dc9012540511ea		ftp.sra.ebi.ac.uk/vol1/fastq/DRR641/DRR641188/DRR641188_1.fastq.gz;ftp.sra.ebi.ac.uk/vol1/fastq/DRR641/DRR641188/DRR641188_2.fastq.gz					7454902259	Targeted-Capture					METAGENOMIC	ftp.sra.ebi.ac.uk/vol1/drr/DRR641/DRR641188/DRR641188		PAIRED										dcc_compare;dcc_metagenome												public			fasp.sra.ebi.ac.uk:/vol1/fastq/DRR641/DRR641188/DRR641188_1.fastq.gz;fasp.sra.ebi.ac.uk:/vol1/fastq/DRR641/DRR641188/DRR641188_2.fastq.gz	1;10239;2732004;2732005;2732007;2732525;2732527;10240;10241;10242;3431483;10244			SAMD00886235		2023-05-14			DRR641188					Illumina Viral Surveillance Panel		2023-05-15/2023-05-21	DRX621483		REpository of Data and Biospecimen of INfectious Disease (REBIND)				Homo sapiens	MX23-020-01	pathogen;pathogen:virus;pathogen:priority	2025-06-01			DRX621483	Monkeypox virus		10244	PRJDB16992							Homo sapiens		DRR641188	DRS471565											2025-06-01		DRP012290						Blisters
DRR641189	NextSeq 2000 sequencing: Genome sequencing for Monkeypox virus: MX23-021-01	SAMD00886236	Monkeypox virus	DRA020242					Hybrid Selection						2025-06-01							4000776960				REBIND project in Japan			hMpoxV/Japan/MX23-021-01/2023	2371725931;2422888662	ILLUMINA		ARCHIVAL_FILE			fasp.sra.ebi.ac.uk:/vol1/drr/DRR641/DRR641189/DRR641189											ftp.sra.ebi.ac.uk/vol1/fastq/DRR641/DRR641189/DRR641189_1.fastq.gz;ftp.sra.ebi.ac.uk/vol1/fastq/DRR641/DRR641189/DRR641189_2.fastq.gz							Japan	Pathogen.cl	viral genome analysis of pathogens isolated from Mpox patients: MX23-021-01	ftp.sra.ebi.ac.uk/vol1/drr/DRR641/DRR641189/DRR641189		c9cb0589907c91d3a32545258bedc7b3;c483ce0d39858e725c8196f08926caff	DRP012290		33376823	Genomic analysis of Monkeypox virus in Japan		GENERATED_FILE;GENERATED_FILE					2023-05-21		viral genome analysis of pathogens isolated from Mpox patients: MX23-021-01					NextSeq 2000							NextSeq 2000 sequencing: Genome sequencing for Monkeypox virus: MX23-021-01					9606			7f4b06771e880c0e18ce9cda92803e91		ftp.sra.ebi.ac.uk/vol1/fastq/DRR641/DRR641189/DRR641189_1.fastq.gz;ftp.sra.ebi.ac.uk/vol1/fastq/DRR641/DRR641189/DRR641189_2.fastq.gz					9099261587	Targeted-Capture					METAGENOMIC	ftp.sra.ebi.ac.uk/vol1/drr/DRR641/DRR641189/DRR641189		PAIRED										dcc_compare;dcc_metagenome												public			fasp.sra.ebi.ac.uk:/vol1/fastq/DRR641/DRR641189/DRR641189_1.fastq.gz;fasp.sra.ebi.ac.uk:/vol1/fastq/DRR641/DRR641189/DRR641189_2.fastq.gz	1;10239;2732004;2732005;2732007;2732525;2732527;10240;10241;10242;3431483;10244			SAMD00886236		2023-05-14			DRR641189					Illumina Viral Surveillance Panel		2023-05-15/2023-05-21	DRX621484		REpository of Data and Biospecimen of INfectious Disease (REBIND)				Homo sapiens	MX23-021-01	pathogen;pathogen:virus;pathogen:priority	2025-06-01			DRX621484	Monkeypox virus		10244	PRJDB16992							Homo sapiens		DRR641189	DRS471566											2025-06-01		DRP012290						Blisters
DRR641190	NextSeq 2000 sequencing: Genome sequencing for Monkeypox virus: MX23-022-02	SAMD00886237	Monkeypox virus	DRA020242					Hybrid Selection						2025-06-01							5577269776				REBIND project in Japan			hMpoxV/Japan/MX23-022-02/2023	3196196154;3471876481	ILLUMINA		ARCHIVAL_FILE			fasp.sra.ebi.ac.uk:/vol1/drr/DRR641/DRR641190/DRR641190											ftp.sra.ebi.ac.uk/vol1/fastq/DRR641/DRR641190/DRR641190_1.fastq.gz;ftp.sra.ebi.ac.uk/vol1/fastq/DRR641/DRR641190/DRR641190_2.fastq.gz							Japan	Pathogen.cl	viral genome analysis of pathogens isolated from Mpox patients: MX23-022-02	ftp.sra.ebi.ac.uk/vol1/drr/DRR641/DRR641190/DRR641190		328d8793541f857e7838bed8a34c3142;27a1ead8382b2a437396aea2cc4f0e72	DRP012290		42034792	Genomic analysis of Monkeypox virus in Japan		GENERATED_FILE;GENERATED_FILE					2023-08-20		viral genome analysis of pathogens isolated from Mpox patients: MX23-022-02					NextSeq 2000							NextSeq 2000 sequencing: Genome sequencing for Monkeypox virus: MX23-022-02					9606			3513d0f6cf0e79aa02a26a351e7d95ea		ftp.sra.ebi.ac.uk/vol1/fastq/DRR641/DRR641190/DRR641190_1.fastq.gz;ftp.sra.ebi.ac.uk/vol1/fastq/DRR641/DRR641190/DRR641190_2.fastq.gz					12392948299	Targeted-Capture					METAGENOMIC	ftp.sra.ebi.ac.uk/vol1/drr/DRR641/DRR641190/DRR641190		PAIRED										dcc_compare;dcc_metagenome												public			fasp.sra.ebi.ac.uk:/vol1/fastq/DRR641/DRR641190/DRR641190_1.fastq.gz;fasp.sra.ebi.ac.uk:/vol1/fastq/DRR641/DRR641190/DRR641190_2.fastq.gz	1;10239;2732004;2732005;2732007;2732525;2732527;10240;10241;10242;3431483;10244			SAMD00886237		2023-06-18			DRR641190					Illumina Viral Surveillance Panel		2023-06-19/2023-08-20	DRX621485		REpository of Data and Biospecimen of INfectious Disease (REBIND)				Homo sapiens	MX23-022-02	pathogen;pathogen:virus;pathogen:priority	2025-06-01			DRX621485	Monkeypox virus		10244	PRJDB16992							Homo sapiens		DRR641190	DRS471567											2025-06-01		DRP012290						Blisters
DRR641191	NextSeq 2000 sequencing: Genome sequencing for Monkeypox virus: MX23-023-01	SAMD00886238	Monkeypox virus	DRA020242					Hybrid Selection						2025-06-01							3153609249				REBIND project in Japan			hMpoxV/Japan/MX23-023-01/2023	1776457645;1988064205	ILLUMINA		ARCHIVAL_FILE			fasp.sra.ebi.ac.uk:/vol1/drr/DRR641/DRR641191/DRR641191											ftp.sra.ebi.ac.uk/vol1/fastq/DRR641/DRR641191/DRR641191_1.fastq.gz;ftp.sra.ebi.ac.uk/vol1/fastq/DRR641/DRR641191/DRR641191_2.fastq.gz							Japan	Pathogen.cl	viral genome analysis of pathogens isolated from Mpox patients: MX23-023-01	ftp.sra.ebi.ac.uk/vol1/drr/DRR641/DRR641191/DRR641191		527ebace9d54bd846a8f6370f325661b;accc47b51722feedc9abd785ee4f0a29	DRP012290		23210961	Genomic analysis of Monkeypox virus in Japan		GENERATED_FILE;GENERATED_FILE					2023-08-20		viral genome analysis of pathogens isolated from Mpox patients: MX23-023-01					NextSeq 2000							NextSeq 2000 sequencing: Genome sequencing for Monkeypox virus: MX23-023-01					9606			93674a2471d5a751a476d4df8c279d9e		ftp.sra.ebi.ac.uk/vol1/fastq/DRR641/DRR641191/DRR641191_1.fastq.gz;ftp.sra.ebi.ac.uk/vol1/fastq/DRR641/DRR641191/DRR641191_2.fastq.gz					6913198055	Targeted-Capture					METAGENOMIC	ftp.sra.ebi.ac.uk/vol1/drr/DRR641/DRR641191/DRR641191		PAIRED										dcc_compare;dcc_metagenome												public			fasp.sra.ebi.ac.uk:/vol1/fastq/DRR641/DRR641191/DRR641191_1.fastq.gz;fasp.sra.ebi.ac.uk:/vol1/fastq/DRR641/DRR641191/DRR641191_2.fastq.gz	1;10239;2732004;2732005;2732007;2732525;2732527;10240;10241;10242;3431483;10244			SAMD00886238		2023-06-18			DRR641191					Illumina Viral Surveillance Panel		2023-06-19/2023-08-20	DRX621486		REpository of Data and Biospecimen of INfectious Disease (REBIND)				Homo sapiens	MX23-023-01	pathogen;pathogen:virus;pathogen:priority	2025-06-01			DRX621486	Monkeypox virus		10244	PRJDB16992							Homo sapiens		DRR641191	DRS471568											2025-06-01		DRP012290						Blisters
